INFO  Using log config file: jar:file:/${GHIDRA_HOME}/Ghidra/Framework/Generic/lib/Generic.jar!/generic.log4j.xml (LoggingInitialization)
INFO  Using log file: ${APPDATA}\ghidra\ghidra_12.1.2_PUBLIC\application.log (LoggingInitialization)
INFO  Loading user preferences: ${APPDATA}\ghidra\ghidra_12.1.2_PUBLIC\preferences (Preferences)
INFO  Loading previous preferences: ${APPDATA}\ghidra\ghidra_12.1.3_PUBLIC\preferences (Preferences)
INFO  Searching for classes... (ClassSearcher)
INFO  Class search complete (553 ms) (ClassSearcher)
INFO  Initializing SSL Context (DefaultSSLContextInitializer)
INFO  Initializing Random Number Generator... (SecureRandomFactory)
INFO  Random Number Generator initialization complete: SHA1PRNG (SecureRandomFactory)
INFO  Trust manager disabled, cacerts have not been set (DefaultTrustManagerFactory)
INFO  Headless startup complete (1808 ms) (AnalyzeHeadless)
INFO  Class searcher loaded 59 extension points (20 false positives) (ClassSearcher)
INFO  HEADLESS Script Paths:
    ${GHIDRA_HOME}\Ghidra\Features\SwiftDemangler\ghidra_scripts
    ${GHIDRA_HOME}\Ghidra\Processors\PIC\ghidra_scripts
    ${GHIDRA_HOME}\Ghidra\Processors\JVM\ghidra_scripts
    ${GHIDRA_HOME}\Ghidra\Features\DecompilerDependent\ghidra_scripts
    ${GHIDRA_HOME}\Ghidra\Features\Decompiler\ghidra_scripts
    ${GHIDRA_HOME}\Ghidra\Processors\DATA\ghidra_scripts
    ${GHIDRA_HOME}\Ghidra\Processors\8051\ghidra_scripts
    ${GHIDRA_HOME}\Ghidra\Processors\Atmel\ghidra_scripts
    ${GHIDRA_HOME}\Ghidra\Features\PDB\ghidra_scripts
    ${GHIDRA_HOME}\Ghidra\Features\WildcardAssembler\ghidra_scripts
    ${GHIDRA_HOME}\Ghidra\Features\GnuDemangler\ghidra_scripts
    ${GHIDRA_HOME}\Ghidra\Features\PyGhidra\ghidra_scripts
    ${GHIDRA_HOME}\Ghidra\Debug\Debugger\ghidra_scripts
    ${GHIDRA_HOME}\Ghidra\Features\SystemEmulation\ghidra_scripts
    ${REPOSITORY_ROOT}\benches\ghidra-unpack
    ${GHIDRA_HOME}\Ghidra\Features\BSim\ghidra_scripts
    ${GHIDRA_HOME}\Ghidra\Features\MicrosoftCodeAnalyzer\ghidra_scripts
    ${GHIDRA_HOME}\Ghidra\Features\Base\ghidra_scripts
    ${GHIDRA_HOME}\Ghidra\Features\FunctionID\ghidra_scripts
    ${GHIDRA_HOME}\Ghidra\Debug\Debugger-rmi-trace\ghidra_scripts
    ${GHIDRA_HOME}\Ghidra\Features\FileFormats\ghidra_scripts
    ${GHIDRA_HOME}\Ghidra\Features\VersionTracking\ghidra_scripts
    ${GHIDRA_HOME}\Ghidra\Features\BytePatterns\ghidra_scripts (HeadlessAnalyzer)
INFO  HEADLESS: execution starts (HeadlessAnalyzer)
INFO  Creating temporary project: ${RUN_DIRECTORY}\projects\upx_hello_unpacked-1fb0b63e3d6441b5b02c1431feac0670\upx_hello_unpacked (HeadlessAnalyzer)
INFO  Creating project: ${RUN_DIRECTORY}\projects\upx_hello_unpacked-1fb0b63e3d6441b5b02c1431feac0670\upx_hello_unpacked (DefaultProject)
INFO  REPORT: Processing input files:  (HeadlessAnalyzer)
INFO       project: ${RUN_DIRECTORY}\projects\upx_hello_unpacked-1fb0b63e3d6441b5b02c1431feac0670\upx_hello_unpacked (HeadlessAnalyzer)
INFO  IMPORTING: file:///${RUN_DIRECTORY}/export/upx_hello-e696e55509c3456d901ac96283e89661/hello.packed.nrv2b.unpacked.exe (HeadlessAnalyzer)
INFO  Using Loader: Portable Executable (PE) (ProgramLoader)
INFO  Using Language/Compiler: x86:LE:64:default:windows (ProgramLoader)
INFO  Using Library Search Path: [host-specific search path omitted from public export]
INFO  TLS callbacks at 0 (TLSDirectory)
INFO  Additional info:
Loading file:///${RUN_DIRECTORY}/export/upx_hello-e696e55509c3456d901ac96283e89661/hello.packed.nrv2b.unpacked.exe?MD5=93c4d56416875932dc83e8fa9c86364e...
Conflict attempting to create memory block: UPX1 at address 140012000 Created block in new overlay instead
Blocks are not contiguous
[hello.packed.nrv2b.unpacked.exe]: failed to create word at 14001f270: Conflicting data exists at address 14001f26c to 14001f270
[hello.packed.nrv2b.unpacked.exe]: failed to create word at 14001f298: Conflicting data exists at address 14001f288 to 14001f298
[hello.packed.nrv2b.unpacked.exe]: failed to create word at 14001f29e: Conflicting data exists at address 14001f29a to 14001f29e
[hello.packed.nrv2b.unpacked.exe]: failed to create word at 14001f2aa: Conflicting data exists at address 14001f2a0 to 14001f2aa
[hello.packed.nrv2b.unpacked.exe]: failed to create TerminatedCString at 14001f2ba: Conflicting data exists at address 14001f2c8 to 14001f2c9
[hello.packed.nrv2b.unpacked.exe]: failed to create word at 14001f2d6: Conflicting data exists at address 14001f2ca to 14001f2d6
[hello.packed.nrv2b.unpacked.exe]: failed to create word at 14001f2e6: Conflicting data exists at address 14001f2d8 to 14001f2e6
------------------------------------------------

Searching 45 paths for library API-MS-WIN-CORE-SYNCH-L1-2-0.DLL...
Loading file:///${JAVA_HOME}/bin/api-ms-win-core-synch-l1-2-0.dll?MD5=8f107a7bc018227b181a0e7e76e9ca39...
Using existing exports file: ${APPDATA}\ghidra\ghidra_12.1.2_PUBLIC\symbols\win64\api-ms-win-core-synch-l1-2-0.exports
Library not saved to project.
------------------------------------------------

Searching 45 paths for library API-MS-WIN-CRT-HEAP-L1-1-0.DLL...
Loading file:///${JAVA_HOME}/bin/api-ms-win-crt-heap-l1-1-0.dll?MD5=527bbbfded529ea77ee798d94ce0f243...
Using existing exports file: ${APPDATA}\ghidra\ghidra_12.1.2_PUBLIC\symbols\win64\api-ms-win-crt-heap-l1-1-0.exports
Library not saved to project.
------------------------------------------------

Searching 45 paths for library API-MS-WIN-CRT-LOCALE-L1-1-0.DLL...
Loading file:///${JAVA_HOME}/bin/api-ms-win-crt-locale-l1-1-0.dll?MD5=09796dab12cbbd920f632aeb89820193...
Using existing exports file: ${APPDATA}\ghidra\ghidra_12.1.2_PUBLIC\symbols\win64\api-ms-win-crt-locale-l1-1-0.exports
Library not saved to project.
------------------------------------------------

Searching 45 paths for library API-MS-WIN-CRT-MATH-L1-1-0.DLL...
Loading file:///${JAVA_HOME}/bin/api-ms-win-crt-math-l1-1-0.dll?MD5=aa9624cb27cc50a3fbbd3b223a617b1c...
Using existing exports file: ${APPDATA}\ghidra\ghidra_12.1.2_PUBLIC\symbols\win64\api-ms-win-crt-math-l1-1-0.exports
Library not saved to project.
------------------------------------------------

Searching 45 paths for library API-MS-WIN-CRT-RUNTIME-L1-1-0.DLL...
Loading file:///${JAVA_HOME}/bin/api-ms-win-crt-runtime-l1-1-0.dll?MD5=bbaa58e9e1abdf7d8c4c69652d29d789...
Using existing exports file: ${APPDATA}\ghidra\ghidra_12.1.2_PUBLIC\symbols\win64\api-ms-win-crt-runtime-l1-1-0.exports
Library not saved to project.
------------------------------------------------

Searching 45 paths for library API-MS-WIN-CRT-STDIO-L1-1-0.DLL...
Loading file:///${JAVA_HOME}/bin/api-ms-win-crt-stdio-l1-1-0.dll?MD5=ef37235fc43157a4c93241d5e49e304b...
Using existing exports file: ${APPDATA}\ghidra\ghidra_12.1.2_PUBLIC\symbols\win64\api-ms-win-crt-stdio-l1-1-0.exports
Library not saved to project.
------------------------------------------------

Searching 45 paths for library KERNEL32.DLL...
Skipping library which is the wrong architecture: file:///${SYSTEM_ROOT}/SysWOW64/kernel32.dll
Loading file:///${SYSTEM_ROOT}/System32/kernel32.dll?MD5=191cf42b2e24eec284b10aca60d0a961...
Using existing exports file: ${APPDATA}\ghidra\ghidra_12.1.2_PUBLIC\symbols\win64\kernel32.exports
Library not saved to project.
------------------------------------------------

Searching 45 paths for library NTDLL.DLL...
Skipping library which is the wrong architecture: file:///${SYSTEM_ROOT}/SysWOW64/ntdll.dll
Loading file:///${SYSTEM_ROOT}/System32/ntdll.dll?MD5=080dd73e4aaa8382aa2bf0aefb18e3b2...
Using existing exports file: ${APPDATA}\ghidra\ghidra_12.1.2_PUBLIC\symbols\win64\ntdll.exports
Library not saved to project.
------------------------------------------------

Searching 45 paths for library VCRUNTIME140.DLL...
Skipping library which is the wrong architecture: file:///${SYSTEM_ROOT}/SysWOW64/vcruntime140.dll
Loading file:///${JAVA_HOME}/bin/vcruntime140.dll?MD5=caf9edded91c1f6c0022b278c16679aa...
Using existing exports file: ${APPDATA}\ghidra\ghidra_12.1.2_PUBLIC\symbols\win64\vcruntime140.exports
Library not saved to project.
------------------------------------------------

Applying ${APPDATA}\ghidra\ghidra_12.1.2_PUBLIC\symbols\win64\api-ms-win-core-synch-l1-2-0.exports
Applying ${APPDATA}\ghidra\ghidra_12.1.2_PUBLIC\symbols\win64\api-ms-win-crt-heap-l1-1-0.exports
Applying ${APPDATA}\ghidra\ghidra_12.1.2_PUBLIC\symbols\win64\api-ms-win-crt-locale-l1-1-0.exports
Applying ${APPDATA}\ghidra\ghidra_12.1.2_PUBLIC\symbols\win64\api-ms-win-crt-math-l1-1-0.exports
Applying ${APPDATA}\ghidra\ghidra_12.1.2_PUBLIC\symbols\win64\api-ms-win-crt-runtime-l1-1-0.exports
Applying ${APPDATA}\ghidra\ghidra_12.1.2_PUBLIC\symbols\win64\api-ms-win-crt-stdio-l1-1-0.exports
Applying ${APPDATA}\ghidra\ghidra_12.1.2_PUBLIC\symbols\win64\kernel32.exports
Applying ${APPDATA}\ghidra\ghidra_12.1.2_PUBLIC\symbols\win64\ntdll.exports
Applying ${APPDATA}\ghidra\ghidra_12.1.2_PUBLIC\symbols\win64\vcruntime140.exports
Linking the External Programs of 'hello.packed.nrv2b.unpacked.exe' to imported libraries...
  [API-MS-WIN-CORE-SYNCH-L1-2-0.DLL] -> not found in project
  [API-MS-WIN-CRT-HEAP-L1-1-0.DLL] -> not found in project
  [API-MS-WIN-CRT-LOCALE-L1-1-0.DLL] -> not found in project
  [API-MS-WIN-CRT-MATH-L1-1-0.DLL] -> not found in project
  [API-MS-WIN-CRT-RUNTIME-L1-1-0.DLL] -> not found in project
  [API-MS-WIN-CRT-STDIO-L1-1-0.DLL] -> not found in project
  [KERNEL32.DLL] -> not found in project
  [NTDLL.DLL] -> not found in project
  [VCRUNTIME140.DLL] -> not found in project
------------------------------------------------

 (ProgramLoader)
INFO  IMPORTING: Loaded 0 additional files (HeadlessAnalyzer)
INFO  ANALYZING all memory and code: file:///${RUN_DIRECTORY}/export/upx_hello-e696e55509c3456d901ac96283e89661/hello.packed.nrv2b.unpacked.exe (HeadlessAnalyzer)
WARN  Ignoring leading '_' chars on no-return name '___raise_securityfailure' specified in file: ${GHIDRA_HOME}\Ghidra\Features\Base\data\PEFunctionsThatDoNotReturn (NoReturnFunctionAnalyzer)
WARN  Ignoring leading '_' chars on no-return name '___report_rangecheckfailure' specified in file: ${GHIDRA_HOME}\Ghidra\Features\Base\data\PEFunctionsThatDoNotReturn (NoReturnFunctionAnalyzer)
INFO  Skipping PDB processing: missing PDB information in program metadata (PdbUniversalAnalyzer)
WARN  Decompiling 14000e4b0: Unable to read bytes at ram:e8606dd4 (DecompileCallback)
WARN  Decompiling 14000e4b0, pcode error at 140016cd6: Unable to resolve constructor at 140016cd6 (DecompileCallback)
WARN  Decompiling 14000e4b0, pcode error at 140010dbb: Unable to resolve constructor at 140010dbb (DecompileCallback)
WARN  Decompiling 14000d4a0: Unable to read bytes at ram:e8606d30 (DecompileCallback)
WARN  Decompiling 14000d4a0, pcode error at 140016c30: Unable to resolve constructor at 140016c30 (DecompileCallback)
WARN  Decompiling 14000e850: Unable to read bytes at ram:e8606e20 (DecompileCallback)
WARN  Decompiling 14000e850, pcode error at 140016d22: Unable to resolve constructor at 140016d22 (DecompileCallback)
WARN  Decompiling 14000e850, pcode error at 140012b61: Unable to resolve constructor at 140012b61 (DecompileCallback)
WARN  Decompiling 14000e850, pcode error at 140012b84: Unable to resolve constructor at 140012b84 (DecompileCallback)
WARN  Decompiling 14000a03c: Unable to read bytes at ram:e8606d20 (DecompileCallback)
WARN  Decompiling 14000a03c, pcode error at 140016c2a: Unable to resolve constructor at 140016c2a (DecompileCallback)
WARN  Decompiling 14000d4a0, pcode error at 14000f614: Unable to resolve constructor at 14000f614 (DecompileCallback)
WARN  Decompiling 14000a03c, pcode error at 140012a5e: Unable to resolve constructor at 140012a5e (DecompileCallback)
WARN  Decompiling 14000e4b0, pcode error at 14000f992: Unable to resolve constructor at 14000f992 (DecompileCallback)
WARN  Decompiling 14000f8e8: Unable to read bytes at ram:e8606e5c (DecompileCallback)
WARN  Decompiling 14000a03c, pcode error at 1400100d2: Unable to resolve constructor at 1400100d2 (DecompileCallback)
WARN  Decompiling 14000f8e8, pcode error at 140016d5d: Failed to resolve varnode <Sreg>, index=7 (DecompileCallback)
WARN  Decompiling 14000e850, pcode error at 140010109: Unable to resolve constructor at 140010109 (DecompileCallback)
WARN  Decompiling 14000e4b0, pcode error at 14000f927: Unable to resolve constructor at 14000f927 (DecompileCallback)
WARN  Decompiling 14000d4a0, pcode error at 14000e6d7: Unable to resolve constructor at 14000e6d7 (DecompileCallback)
WARN  Decompiling 14000d4a0, pcode error at 14000e6bf: Unable to resolve constructor at 14000e6bf (DecompileCallback)
WARN  Decompiling 14000d4a0, pcode error at 14000e62a: Unable to resolve constructor at 14000e62a (DecompileCallback)
WARN  Decompiling 14000e4b0, pcode error at 14000ed67: Unable to resolve constructor at 14000ed67 (DecompileCallback)
WARN  Decompiling 14000e850, pcode error at 14000edb1: Unable to resolve constructor at 14000edb1 (DecompileCallback)
WARN  Decompiling 14000e4b0, pcode error at 14000ea25: Unable to resolve constructor at 14000ea25 (DecompileCallback)
WARN  Decompiling 14000e4b0, pcode error at 14000e9cf: Unable to resolve constructor at 14000e9cf (DecompileCallback)
WARN  Decompiling 14000d4a0, pcode error at 14000dc58: Unable to resolve constructor at 14000dc58 (DecompileCallback)
WARN  Decompiling 14000e4b0, pcode error at 14000ea68: Unable to resolve constructor at 14000ea68 (DecompileCallback)
WARN  Decompiling 14000e4b0, pcode error at 14000e9fe: Unable to resolve constructor at 14000e9fe (DecompileCallback)
WARN  Decompiling 14000e4b0, pcode error at 14000e766: Unable to resolve constructor at 14000e766 (DecompileCallback)
WARN  Decompiling 14000e4b0, pcode error at 14000e756: Unable to resolve constructor at 14000e756 (DecompileCallback)
WARN  Decompiling 14000e4b0, pcode error at 14000e762: Unable to resolve constructor at 14000e762 (DecompileCallback)
WARN  Decompiling 14000a03c, pcode error at 14000dc42: Unable to resolve constructor at 14000dc42 (DecompileCallback)
WARN  Decompiling 14000a03c, pcode error at 14000dc4b: Unable to resolve constructor at 14000dc4b (DecompileCallback)
WARN  Decompiling 14000a03c, pcode error at 14000d99a: Unable to resolve constructor at 14000d99a (DecompileCallback)
WARN  Decompiling 14000e4b0: Unable to read bytes at ram:e8606e08 (DecompileCallback)
WARN  Decompiling 14000f8e8: Unable to read bytes at ram:640055420 (DecompileCallback)
WARN  Decompiling 14000e4b0: Unable to read bytes at ram:e8606df0 (DecompileCallback)
WARN  Decompiling 14000e4b0, pcode error at 140016d12: Unable to resolve constructor at 140016d12 (DecompileCallback)
WARN  Decompiling 14000e4b0, pcode error at 140016d0a: Unable to resolve constructor at 140016d0a (DecompileCallback)
WARN  Decompiling 14000e4b0, pcode error at 140012b44: Unable to resolve constructor at 140012b44 (DecompileCallback)
WARN  Decompiling 14000e4b0, pcode error at 14000f9bd: Unable to resolve constructor at 14000f9bd (DecompileCallback)
WARN  Decompiling 14000e4b0, pcode error at 14000f6a9: Unable to resolve constructor at 14000f6a9 (DecompileCallback)
WARN  Decompiling 14000e4b0, pcode error at 14000ed5c: Unable to resolve constructor at 14000ed5c (DecompileCallback)
WARN  Decompiling 14000e4b0, pcode error at 14000ea5c: Unable to resolve constructor at 14000ea5c (DecompileCallback)
WARN  Decompiling 14000e4b0, pcode error at 14000ea3d: Unable to resolve constructor at 14000ea3d (DecompileCallback)
WARN  Decompiling 14000e4b0, pcode error at 140016d02: Unable to resolve constructor at 140016d02 (DecompileCallback)
WARN  Decompiling 14000e4b0, pcode error at 140016cf6: Unable to resolve constructor at 140016cf6 (DecompileCallback)
WARN  Decompiling 14000e4b0, pcode error at 140010dee: Unable to resolve constructor at 140010dee (DecompileCallback)
WARN  Decompiling 14000e4b0, pcode error at 1400101a2: Unable to resolve constructor at 1400101a2 (DecompileCallback)
WARN  Decompiling 14000e4b0, pcode error at 14000ed3e: Unable to resolve constructor at 14000ed3e (DecompileCallback)
WARN  Decompiling 14000e4b0, pcode error at 14000ea45: Unable to resolve constructor at 14000ea45 (DecompileCallback)
WARN  Decompiling 14000d4a0: Unable to read bytes at ram:e8606e5c (DecompileCallback)
WARN  Decompiling 14000d4a0: Unable to read bytes at ram:e8606da0 (DecompileCallback)
WARN  Decompiling 14000d4a0: Unable to read bytes at ram:e8606d4c (DecompileCallback)
WARN  Decompiling 14000e4b0: Unable to read bytes at ram:e400e72d (DecompileCallback)
WARN  Decompiling 14000d4a0, pcode error at 000000ff: Could not follow disassembly flow into non-existing memory at 000000ff (DecompileCallback)
WARN  Decompiling 14000d4a0, pcode error at 000000fe: Could not follow disassembly flow into non-existing memory at 000000fe (DecompileCallback)
WARN  Decompiling 14000d4a0, pcode error at 000000fd: Could not follow disassembly flow into non-existing memory at 000000fd (DecompileCallback)
WARN  Decompiling 14000d4a0, pcode error at 000000fc: Could not follow disassembly flow into non-existing memory at 000000fc (DecompileCallback)
WARN  Decompiling 14000d4a0, pcode error at 000000fb: Could not follow disassembly flow into non-existing memory at 000000fb (DecompileCallback)
WARN  Decompiling 14000d4a0, pcode error at 000000fa: Could not follow disassembly flow into non-existing memory at 000000fa (DecompileCallback)
WARN  Decompiling 14000d4a0, pcode error at 000000f9: Could not follow disassembly flow into non-existing memory at 000000f9 (DecompileCallback)
WARN  Decompiling 14000d4a0, pcode error at 000000f8: Could not follow disassembly flow into non-existing memory at 000000f8 (DecompileCallback)
WARN  Decompiling 14000d4a0, pcode error at 000000f7: Could not follow disassembly flow into non-existing memory at 000000f7 (DecompileCallback)
WARN  Decompiling 14000d4a0, pcode error at 000000f6: Could not follow disassembly flow into non-existing memory at 000000f6 (DecompileCallback)
WARN  Decompiling 14000d4a0, pcode error at 000000f5: Could not follow disassembly flow into non-existing memory at 000000f5 (DecompileCallback)
WARN  Decompiling 14000d4a0, pcode error at 000000f4: Could not follow disassembly flow into non-existing memory at 000000f4 (DecompileCallback)
WARN  Decompiling 14000d4a0, pcode error at 000000f3: Could not follow disassembly flow into non-existing memory at 000000f3 (DecompileCallback)
WARN  Decompiling 14000d4a0, pcode error at 000000f2: Could not follow disassembly flow into non-existing memory at 000000f2 (DecompileCallback)
WARN  Decompiling 14000d4a0, pcode error at 000000f1: Could not follow disassembly flow into non-existing memory at 000000f1 (DecompileCallback)
WARN  Decompiling 14000d4a0, pcode error at 000000f0: Could not follow disassembly flow into non-existing memory at 000000f0 (DecompileCallback)
WARN  Decompiling 14000d4a0, pcode error at 000000ef: Could not follow disassembly flow into non-existing memory at 000000ef (DecompileCallback)
WARN  Decompiling 14000d4a0, pcode error at 000000ee: Could not follow disassembly flow into non-existing memory at 000000ee (DecompileCallback)
WARN  Decompiling 14000d4a0, pcode error at 000000ed: Could not follow disassembly flow into non-existing memory at 000000ed (DecompileCallback)
WARN  Decompiling 14000d4a0, pcode error at 000000ec: Could not follow disassembly flow into non-existing memory at 000000ec (DecompileCallback)
WARN  Decompiling 14000d4a0, pcode error at 000000eb: Could not follow disassembly flow into non-existing memory at 000000eb (DecompileCallback)
WARN  Decompiling 14000d4a0, pcode error at 000000ea: Could not follow disassembly flow into non-existing memory at 000000ea (DecompileCallback)
WARN  Decompiling 14000d4a0, pcode error at 000000e9: Could not follow disassembly flow into non-existing memory at 000000e9 (DecompileCallback)
WARN  Decompiling 14000d4a0, pcode error at 000000e8: Could not follow disassembly flow into non-existing memory at 000000e8 (DecompileCallback)
WARN  Decompiling 14000d4a0, pcode error at 000000e7: Could not follow disassembly flow into non-existing memory at 000000e7 (DecompileCallback)
WARN  Decompiling 14000d4a0, pcode error at 000000e6: Could not follow disassembly flow into non-existing memory at 000000e6 (DecompileCallback)
WARN  Decompiling 14000d4a0, pcode error at 000000e5: Could not follow disassembly flow into non-existing memory at 000000e5 (DecompileCallback)
WARN  Decompiling 14000d4a0, pcode error at 000000e4: Could not follow disassembly flow into non-existing memory at 000000e4 (DecompileCallback)
WARN  Decompiling 14000d4a0, pcode error at 000000e3: Could not follow disassembly flow into non-existing memory at 000000e3 (DecompileCallback)
WARN  Decompiling 14000d4a0, pcode error at 000000e2: Could not follow disassembly flow into non-existing memory at 000000e2 (DecompileCallback)
WARN  Decompiling 14000d4a0, pcode error at 000000e1: Could not follow disassembly flow into non-existing memory at 000000e1 (DecompileCallback)
WARN  Decompiling 14000d4a0, pcode error at 000000e0: Could not follow disassembly flow into non-existing memory at 000000e0 (DecompileCallback)
WARN  Decompiling 14000d4a0, pcode error at 000000df: Could not follow disassembly flow into non-existing memory at 000000df (DecompileCallback)
WARN  Decompiling 14000d4a0, pcode error at 000000de: Could not follow disassembly flow into non-existing memory at 000000de (DecompileCallback)
WARN  Decompiling 14000d4a0, pcode error at 000000dd: Could not follow disassembly flow into non-existing memory at 000000dd (DecompileCallback)
WARN  Decompiling 14000d4a0, pcode error at 000000dc: Could not follow disassembly flow into non-existing memory at 000000dc (DecompileCallback)
WARN  Decompiling 14000d4a0, pcode error at 000000db: Could not follow disassembly flow into non-existing memory at 000000db (DecompileCallback)
WARN  Decompiling 14000d4a0, pcode error at 000000da: Could not follow disassembly flow into non-existing memory at 000000da (DecompileCallback)
WARN  Decompiling 14000d4a0, pcode error at 000000d9: Could not follow disassembly flow into non-existing memory at 000000d9 (DecompileCallback)
WARN  Decompiling 14000d4a0, pcode error at 000000d8: Could not follow disassembly flow into non-existing memory at 000000d8 (DecompileCallback)
WARN  Decompiling 14000d4a0, pcode error at 000000d7: Could not follow disassembly flow into non-existing memory at 000000d7 (DecompileCallback)
WARN  Decompiling 14000d4a0, pcode error at 000000d6: Could not follow disassembly flow into non-existing memory at 000000d6 (DecompileCallback)
WARN  Decompiling 14000d4a0, pcode error at 000000d5: Could not follow disassembly flow into non-existing memory at 000000d5 (DecompileCallback)
WARN  Decompiling 14000d4a0, pcode error at 000000d4: Could not follow disassembly flow into non-existing memory at 000000d4 (DecompileCallback)
WARN  Decompiling 14000d4a0, pcode error at 000000d3: Could not follow disassembly flow into non-existing memory at 000000d3 (DecompileCallback)
WARN  Decompiling 14000d4a0, pcode error at 000000d2: Could not follow disassembly flow into non-existing memory at 000000d2 (DecompileCallback)
WARN  Decompiling 14000d4a0, pcode error at 000000d1: Could not follow disassembly flow into non-existing memory at 000000d1 (DecompileCallback)
WARN  Decompiling 14000d4a0, pcode error at 000000d0: Could not follow disassembly flow into non-existing memory at 000000d0 (DecompileCallback)
WARN  Decompiling 14000d4a0, pcode error at 000000cf: Could not follow disassembly flow into non-existing memory at 000000cf (DecompileCallback)
WARN  Decompiling 14000d4a0, pcode error at 000000ce: Could not follow disassembly flow into non-existing memory at 000000ce (DecompileCallback)
WARN  Decompiling 14000d4a0, pcode error at 000000cd: Could not follow disassembly flow into non-existing memory at 000000cd (DecompileCallback)
WARN  Decompiling 14000d4a0, pcode error at 000000cc: Could not follow disassembly flow into non-existing memory at 000000cc (DecompileCallback)
WARN  Decompiling 14000d4a0, pcode error at 000000cb: Could not follow disassembly flow into non-existing memory at 000000cb (DecompileCallback)
WARN  Decompiling 14000d4a0, pcode error at 000000ca: Could not follow disassembly flow into non-existing memory at 000000ca (DecompileCallback)
WARN  Decompiling 14000d4a0, pcode error at 000000c9: Could not follow disassembly flow into non-existing memory at 000000c9 (DecompileCallback)
WARN  Decompiling 14000d4a0, pcode error at 000000c8: Could not follow disassembly flow into non-existing memory at 000000c8 (DecompileCallback)
WARN  Decompiling 14000d4a0, pcode error at 000000c7: Could not follow disassembly flow into non-existing memory at 000000c7 (DecompileCallback)
WARN  Decompiling 14000d4a0, pcode error at 000000c6: Could not follow disassembly flow into non-existing memory at 000000c6 (DecompileCallback)
WARN  Decompiling 14000d4a0, pcode error at 000000c5: Could not follow disassembly flow into non-existing memory at 000000c5 (DecompileCallback)
WARN  Decompiling 14000d4a0, pcode error at 000000c4: Could not follow disassembly flow into non-existing memory at 000000c4 (DecompileCallback)
WARN  Decompiling 14000d4a0, pcode error at 000000c3: Could not follow disassembly flow into non-existing memory at 000000c3 (DecompileCallback)
WARN  Decompiling 14000d4a0, pcode error at 000000c2: Could not follow disassembly flow into non-existing memory at 000000c2 (DecompileCallback)
WARN  Decompiling 14000d4a0, pcode error at 000000c1: Could not follow disassembly flow into non-existing memory at 000000c1 (DecompileCallback)
WARN  Decompiling 14000d4a0, pcode error at 000000c0: Could not follow disassembly flow into non-existing memory at 000000c0 (DecompileCallback)
WARN  Decompiling 14000d4a0, pcode error at 000000bf: Could not follow disassembly flow into non-existing memory at 000000bf (DecompileCallback)
WARN  Decompiling 14000d4a0, pcode error at 000000be: Could not follow disassembly flow into non-existing memory at 000000be (DecompileCallback)
WARN  Decompiling 14000d4a0, pcode error at 000000bd: Could not follow disassembly flow into non-existing memory at 000000bd (DecompileCallback)
WARN  Decompiling 14000d4a0, pcode error at 000000bc: Could not follow disassembly flow into non-existing memory at 000000bc (DecompileCallback)
WARN  Decompiling 14000d4a0, pcode error at 000000bb: Could not follow disassembly flow into non-existing memory at 000000bb (DecompileCallback)
WARN  Decompiling 14000d4a0, pcode error at 000000ba: Could not follow disassembly flow into non-existing memory at 000000ba (DecompileCallback)
WARN  Decompiling 14000d4a0, pcode error at 000000b9: Could not follow disassembly flow into non-existing memory at 000000b9 (DecompileCallback)
WARN  Decompiling 14000d4a0, pcode error at 000000b8: Could not follow disassembly flow into non-existing memory at 000000b8 (DecompileCallback)
WARN  Decompiling 14000d4a0, pcode error at 000000b7: Could not follow disassembly flow into non-existing memory at 000000b7 (DecompileCallback)
WARN  Decompiling 14000d4a0, pcode error at 000000b6: Could not follow disassembly flow into non-existing memory at 000000b6 (DecompileCallback)
WARN  Decompiling 14000d4a0, pcode error at 000000b5: Could not follow disassembly flow into non-existing memory at 000000b5 (DecompileCallback)
WARN  Decompiling 14000d4a0, pcode error at 000000b4: Could not follow disassembly flow into non-existing memory at 000000b4 (DecompileCallback)
WARN  Decompiling 14000d4a0, pcode error at 000000b3: Could not follow disassembly flow into non-existing memory at 000000b3 (DecompileCallback)
WARN  Decompiling 14000d4a0, pcode error at 000000b2: Could not follow disassembly flow into non-existing memory at 000000b2 (DecompileCallback)
WARN  Decompiling 14000d4a0, pcode error at 000000b1: Could not follow disassembly flow into non-existing memory at 000000b1 (DecompileCallback)
WARN  Decompiling 14000d4a0, pcode error at 000000b0: Could not follow disassembly flow into non-existing memory at 000000b0 (DecompileCallback)
WARN  Decompiling 14000d4a0, pcode error at 000000af: Could not follow disassembly flow into non-existing memory at 000000af (DecompileCallback)
WARN  Decompiling 14000d4a0, pcode error at 000000ae: Could not follow disassembly flow into non-existing memory at 000000ae (DecompileCallback)
WARN  Decompiling 14000d4a0, pcode error at 000000ad: Could not follow disassembly flow into non-existing memory at 000000ad (DecompileCallback)
WARN  Decompiling 14000d4a0, pcode error at 000000ac: Could not follow disassembly flow into non-existing memory at 000000ac (DecompileCallback)
WARN  Decompiling 14000d4a0, pcode error at 000000ab: Could not follow disassembly flow into non-existing memory at 000000ab (DecompileCallback)
WARN  Decompiling 14000d4a0, pcode error at 000000aa: Could not follow disassembly flow into non-existing memory at 000000aa (DecompileCallback)
WARN  Decompiling 14000d4a0, pcode error at 000000a9: Could not follow disassembly flow into non-existing memory at 000000a9 (DecompileCallback)
WARN  Decompiling 14000d4a0, pcode error at 000000a8: Could not follow disassembly flow into non-existing memory at 000000a8 (DecompileCallback)
WARN  Decompiling 14000d4a0, pcode error at 000000a7: Could not follow disassembly flow into non-existing memory at 000000a7 (DecompileCallback)
WARN  Decompiling 14000d4a0, pcode error at 000000a6: Could not follow disassembly flow into non-existing memory at 000000a6 (DecompileCallback)
WARN  Decompiling 14000d4a0, pcode error at 000000a5: Could not follow disassembly flow into non-existing memory at 000000a5 (DecompileCallback)
WARN  Decompiling 14000d4a0, pcode error at 000000a4: Could not follow disassembly flow into non-existing memory at 000000a4 (DecompileCallback)
WARN  Decompiling 14000d4a0, pcode error at 000000a3: Could not follow disassembly flow into non-existing memory at 000000a3 (DecompileCallback)
WARN  Decompiling 14000d4a0, pcode error at 000000a2: Could not follow disassembly flow into non-existing memory at 000000a2 (DecompileCallback)
WARN  Decompiling 14000d4a0, pcode error at 000000a1: Could not follow disassembly flow into non-existing memory at 000000a1 (DecompileCallback)
WARN  Decompiling 14000d4a0, pcode error at 000000a0: Could not follow disassembly flow into non-existing memory at 000000a0 (DecompileCallback)
WARN  Decompiling 14000d4a0, pcode error at 0000009f: Could not follow disassembly flow into non-existing memory at 0000009f (DecompileCallback)
WARN  Decompiling 14000d4a0, pcode error at 0000009e: Could not follow disassembly flow into non-existing memory at 0000009e (DecompileCallback)
WARN  Decompiling 14000d4a0, pcode error at 0000009d: Could not follow disassembly flow into non-existing memory at 0000009d (DecompileCallback)
WARN  Decompiling 14000d4a0, pcode error at 0000009c: Could not follow disassembly flow into non-existing memory at 0000009c (DecompileCallback)
WARN  Decompiling 14000d4a0, pcode error at 0000009b: Could not follow disassembly flow into non-existing memory at 0000009b (DecompileCallback)
WARN  Decompiling 14000d4a0, pcode error at 0000009a: Could not follow disassembly flow into non-existing memory at 0000009a (DecompileCallback)
WARN  Decompiling 14000d4a0, pcode error at 00000099: Could not follow disassembly flow into non-existing memory at 00000099 (DecompileCallback)
WARN  Decompiling 14000d4a0, pcode error at 00000098: Could not follow disassembly flow into non-existing memory at 00000098 (DecompileCallback)
WARN  Decompiling 14000d4a0, pcode error at 00000097: Could not follow disassembly flow into non-existing memory at 00000097 (DecompileCallback)
WARN  Decompiling 14000d4a0, pcode error at 00000096: Could not follow disassembly flow into non-existing memory at 00000096 (DecompileCallback)
WARN  Decompiling 14000d4a0, pcode error at 00000095: Could not follow disassembly flow into non-existing memory at 00000095 (DecompileCallback)
WARN  Decompiling 14000d4a0, pcode error at 00000094: Could not follow disassembly flow into non-existing memory at 00000094 (DecompileCallback)
WARN  Decompiling 14000d4a0, pcode error at 00000093: Could not follow disassembly flow into non-existing memory at 00000093 (DecompileCallback)
WARN  Decompiling 14000d4a0, pcode error at 00000092: Could not follow disassembly flow into non-existing memory at 00000092 (DecompileCallback)
WARN  Decompiling 14000d4a0, pcode error at 00000091: Could not follow disassembly flow into non-existing memory at 00000091 (DecompileCallback)
WARN  Decompiling 14000d4a0, pcode error at 00000090: Could not follow disassembly flow into non-existing memory at 00000090 (DecompileCallback)
WARN  Decompiling 14000d4a0, pcode error at 0000008f: Could not follow disassembly flow into non-existing memory at 0000008f (DecompileCallback)
WARN  Decompiling 14000d4a0, pcode error at 0000008e: Could not follow disassembly flow into non-existing memory at 0000008e (DecompileCallback)
WARN  Decompiling 14000d4a0, pcode error at 0000008d: Could not follow disassembly flow into non-existing memory at 0000008d (DecompileCallback)
WARN  Decompiling 14000d4a0, pcode error at 0000008c: Could not follow disassembly flow into non-existing memory at 0000008c (DecompileCallback)
WARN  Decompiling 14000d4a0, pcode error at 0000008b: Could not follow disassembly flow into non-existing memory at 0000008b (DecompileCallback)
WARN  Decompiling 14000d4a0, pcode error at 0000008a: Could not follow disassembly flow into non-existing memory at 0000008a (DecompileCallback)
WARN  Decompiling 14000d4a0, pcode error at 00000089: Could not follow disassembly flow into non-existing memory at 00000089 (DecompileCallback)
WARN  Decompiling 14000d4a0, pcode error at 00000088: Could not follow disassembly flow into non-existing memory at 00000088 (DecompileCallback)
WARN  Decompiling 14000d4a0, pcode error at 00000087: Could not follow disassembly flow into non-existing memory at 00000087 (DecompileCallback)
WARN  Decompiling 14000d4a0, pcode error at 00000086: Could not follow disassembly flow into non-existing memory at 00000086 (DecompileCallback)
WARN  Decompiling 14000d4a0, pcode error at 00000085: Could not follow disassembly flow into non-existing memory at 00000085 (DecompileCallback)
WARN  Decompiling 14000d4a0, pcode error at 00000084: Could not follow disassembly flow into non-existing memory at 00000084 (DecompileCallback)
WARN  Decompiling 14000d4a0, pcode error at 00000083: Could not follow disassembly flow into non-existing memory at 00000083 (DecompileCallback)
WARN  Decompiling 14000d4a0, pcode error at 00000082: Could not follow disassembly flow into non-existing memory at 00000082 (DecompileCallback)
WARN  Decompiling 14000d4a0, pcode error at 00000081: Could not follow disassembly flow into non-existing memory at 00000081 (DecompileCallback)
WARN  Decompiling 14000d4a0, pcode error at 00000080: Could not follow disassembly flow into non-existing memory at 00000080 (DecompileCallback)
WARN  Decompiling 14000d4a0, pcode error at 0000007f: Could not follow disassembly flow into non-existing memory at 0000007f (DecompileCallback)
WARN  Decompiling 14000d4a0, pcode error at 0000007e: Could not follow disassembly flow into non-existing memory at 0000007e (DecompileCallback)
WARN  Decompiling 14000d4a0, pcode error at 0000007d: Could not follow disassembly flow into non-existing memory at 0000007d (DecompileCallback)
WARN  Decompiling 14000d4a0, pcode error at 0000007c: Could not follow disassembly flow into non-existing memory at 0000007c (DecompileCallback)
WARN  Decompiling 14000d4a0, pcode error at 0000007b: Could not follow disassembly flow into non-existing memory at 0000007b (DecompileCallback)
WARN  Decompiling 14000d4a0, pcode error at 0000007a: Could not follow disassembly flow into non-existing memory at 0000007a (DecompileCallback)
WARN  Decompiling 14000d4a0, pcode error at 00000079: Could not follow disassembly flow into non-existing memory at 00000079 (DecompileCallback)
WARN  Decompiling 14000d4a0, pcode error at 00000078: Could not follow disassembly flow into non-existing memory at 00000078 (DecompileCallback)
WARN  Decompiling 14000d4a0, pcode error at 00000077: Could not follow disassembly flow into non-existing memory at 00000077 (DecompileCallback)
WARN  Decompiling 14000d4a0, pcode error at 00000076: Could not follow disassembly flow into non-existing memory at 00000076 (DecompileCallback)
WARN  Decompiling 14000d4a0, pcode error at 00000075: Could not follow disassembly flow into non-existing memory at 00000075 (DecompileCallback)
WARN  Decompiling 14000d4a0, pcode error at 00000074: Could not follow disassembly flow into non-existing memory at 00000074 (DecompileCallback)
WARN  Decompiling 14000d4a0, pcode error at 00000073: Could not follow disassembly flow into non-existing memory at 00000073 (DecompileCallback)
WARN  Decompiling 14000d4a0, pcode error at 00000072: Could not follow disassembly flow into non-existing memory at 00000072 (DecompileCallback)
WARN  Decompiling 14000d4a0, pcode error at 00000071: Could not follow disassembly flow into non-existing memory at 00000071 (DecompileCallback)
WARN  Decompiling 14000d4a0, pcode error at 00000070: Could not follow disassembly flow into non-existing memory at 00000070 (DecompileCallback)
WARN  Decompiling 14000d4a0, pcode error at 0000006f: Could not follow disassembly flow into non-existing memory at 0000006f (DecompileCallback)
WARN  Decompiling 14000d4a0, pcode error at 0000006e: Could not follow disassembly flow into non-existing memory at 0000006e (DecompileCallback)
WARN  Decompiling 14000d4a0, pcode error at 0000006d: Could not follow disassembly flow into non-existing memory at 0000006d (DecompileCallback)
WARN  Decompiling 14000d4a0, pcode error at 0000006c: Could not follow disassembly flow into non-existing memory at 0000006c (DecompileCallback)
WARN  Decompiling 14000d4a0, pcode error at 0000006b: Could not follow disassembly flow into non-existing memory at 0000006b (DecompileCallback)
WARN  Decompiling 14000d4a0, pcode error at 0000006a: Could not follow disassembly flow into non-existing memory at 0000006a (DecompileCallback)
WARN  Decompiling 14000d4a0, pcode error at 00000069: Could not follow disassembly flow into non-existing memory at 00000069 (DecompileCallback)
WARN  Decompiling 14000d4a0, pcode error at 00000068: Could not follow disassembly flow into non-existing memory at 00000068 (DecompileCallback)
WARN  Decompiling 14000d4a0, pcode error at 00000067: Could not follow disassembly flow into non-existing memory at 00000067 (DecompileCallback)
WARN  Decompiling 14000d4a0, pcode error at 00000066: Could not follow disassembly flow into non-existing memory at 00000066 (DecompileCallback)
WARN  Decompiling 14000d4a0, pcode error at 00000065: Could not follow disassembly flow into non-existing memory at 00000065 (DecompileCallback)
WARN  Decompiling 14000d4a0, pcode error at 00000064: Could not follow disassembly flow into non-existing memory at 00000064 (DecompileCallback)
WARN  Decompiling 14000d4a0, pcode error at 00000063: Could not follow disassembly flow into non-existing memory at 00000063 (DecompileCallback)
WARN  Decompiling 14000d4a0, pcode error at 00000062: Could not follow disassembly flow into non-existing memory at 00000062 (DecompileCallback)
WARN  Decompiling 14000d4a0, pcode error at 00000061: Could not follow disassembly flow into non-existing memory at 00000061 (DecompileCallback)
WARN  Decompiling 14000d4a0, pcode error at 00000060: Could not follow disassembly flow into non-existing memory at 00000060 (DecompileCallback)
WARN  Decompiling 14000d4a0, pcode error at 0000005f: Could not follow disassembly flow into non-existing memory at 0000005f (DecompileCallback)
WARN  Decompiling 14000d4a0, pcode error at 0000005e: Could not follow disassembly flow into non-existing memory at 0000005e (DecompileCallback)
WARN  Decompiling 14000d4a0, pcode error at 0000005d: Could not follow disassembly flow into non-existing memory at 0000005d (DecompileCallback)
WARN  Decompiling 14000d4a0, pcode error at 0000005c: Could not follow disassembly flow into non-existing memory at 0000005c (DecompileCallback)
WARN  Decompiling 14000d4a0, pcode error at 0000005b: Could not follow disassembly flow into non-existing memory at 0000005b (DecompileCallback)
WARN  Decompiling 14000d4a0, pcode error at 0000005a: Could not follow disassembly flow into non-existing memory at 0000005a (DecompileCallback)
WARN  Decompiling 14000d4a0, pcode error at 00000059: Could not follow disassembly flow into non-existing memory at 00000059 (DecompileCallback)
WARN  Decompiling 14000d4a0, pcode error at 00000058: Could not follow disassembly flow into non-existing memory at 00000058 (DecompileCallback)
WARN  Decompiling 14000d4a0, pcode error at 00000057: Could not follow disassembly flow into non-existing memory at 00000057 (DecompileCallback)
WARN  Decompiling 14000d4a0, pcode error at 00000056: Could not follow disassembly flow into non-existing memory at 00000056 (DecompileCallback)
WARN  Decompiling 14000d4a0, pcode error at 00000055: Could not follow disassembly flow into non-existing memory at 00000055 (DecompileCallback)
WARN  Decompiling 14000d4a0, pcode error at 00000054: Could not follow disassembly flow into non-existing memory at 00000054 (DecompileCallback)
WARN  Decompiling 14000d4a0, pcode error at 00000053: Could not follow disassembly flow into non-existing memory at 00000053 (DecompileCallback)
WARN  Decompiling 14000d4a0, pcode error at 00000052: Could not follow disassembly flow into non-existing memory at 00000052 (DecompileCallback)
WARN  Decompiling 14000d4a0, pcode error at 00000051: Could not follow disassembly flow into non-existing memory at 00000051 (DecompileCallback)
WARN  Decompiling 14000d4a0, pcode error at 00000050: Could not follow disassembly flow into non-existing memory at 00000050 (DecompileCallback)
WARN  Decompiling 14000d4a0, pcode error at 0000004f: Could not follow disassembly flow into non-existing memory at 0000004f (DecompileCallback)
WARN  Decompiling 14000d4a0, pcode error at 0000004e: Could not follow disassembly flow into non-existing memory at 0000004e (DecompileCallback)
WARN  Decompiling 14000d4a0, pcode error at 0000004d: Could not follow disassembly flow into non-existing memory at 0000004d (DecompileCallback)
WARN  Decompiling 14000d4a0, pcode error at 0000004c: Could not follow disassembly flow into non-existing memory at 0000004c (DecompileCallback)
WARN  Decompiling 14000d4a0, pcode error at 0000004b: Could not follow disassembly flow into non-existing memory at 0000004b (DecompileCallback)
WARN  Decompiling 14000d4a0, pcode error at 0000004a: Could not follow disassembly flow into non-existing memory at 0000004a (DecompileCallback)
WARN  Decompiling 14000d4a0, pcode error at 00000049: Could not follow disassembly flow into non-existing memory at 00000049 (DecompileCallback)
WARN  Decompiling 14000d4a0, pcode error at 00000048: Could not follow disassembly flow into non-existing memory at 00000048 (DecompileCallback)
WARN  Decompiling 14000d4a0, pcode error at 00000047: Could not follow disassembly flow into non-existing memory at 00000047 (DecompileCallback)
WARN  Decompiling 14000d4a0, pcode error at 00000046: Could not follow disassembly flow into non-existing memory at 00000046 (DecompileCallback)
WARN  Decompiling 14000d4a0, pcode error at 00000045: Could not follow disassembly flow into non-existing memory at 00000045 (DecompileCallback)
WARN  Decompiling 14000d4a0, pcode error at 00000044: Could not follow disassembly flow into non-existing memory at 00000044 (DecompileCallback)
WARN  Decompiling 14000d4a0, pcode error at 00000043: Could not follow disassembly flow into non-existing memory at 00000043 (DecompileCallback)
WARN  Decompiling 14000d4a0, pcode error at 00000042: Could not follow disassembly flow into non-existing memory at 00000042 (DecompileCallback)
WARN  Decompiling 14000d4a0, pcode error at 00000041: Could not follow disassembly flow into non-existing memory at 00000041 (DecompileCallback)
WARN  Decompiling 14000d4a0, pcode error at 00000040: Could not follow disassembly flow into non-existing memory at 00000040 (DecompileCallback)
WARN  Decompiling 14000d4a0, pcode error at 0000003f: Could not follow disassembly flow into non-existing memory at 0000003f (DecompileCallback)
WARN  Decompiling 14000d4a0, pcode error at 0000003e: Could not follow disassembly flow into non-existing memory at 0000003e (DecompileCallback)
WARN  Decompiling 14000d4a0, pcode error at 0000003d: Could not follow disassembly flow into non-existing memory at 0000003d (DecompileCallback)
WARN  Decompiling 14000d4a0, pcode error at 0000003c: Could not follow disassembly flow into non-existing memory at 0000003c (DecompileCallback)
WARN  Decompiling 14000d4a0, pcode error at 0000003b: Could not follow disassembly flow into non-existing memory at 0000003b (DecompileCallback)
WARN  Decompiling 14000d4a0, pcode error at 0000003a: Could not follow disassembly flow into non-existing memory at 0000003a (DecompileCallback)
WARN  Decompiling 14000d4a0, pcode error at 00000039: Could not follow disassembly flow into non-existing memory at 00000039 (DecompileCallback)
WARN  Decompiling 14000d4a0, pcode error at 00000038: Could not follow disassembly flow into non-existing memory at 00000038 (DecompileCallback)
WARN  Decompiling 14000d4a0, pcode error at 00000037: Could not follow disassembly flow into non-existing memory at 00000037 (DecompileCallback)
WARN  Decompiling 14000d4a0, pcode error at 00000036: Could not follow disassembly flow into non-existing memory at 00000036 (DecompileCallback)
WARN  Decompiling 14000d4a0, pcode error at 00000035: Could not follow disassembly flow into non-existing memory at 00000035 (DecompileCallback)
WARN  Decompiling 14000d4a0, pcode error at 00000034: Could not follow disassembly flow into non-existing memory at 00000034 (DecompileCallback)
WARN  Decompiling 14000d4a0, pcode error at 00000033: Could not follow disassembly flow into non-existing memory at 00000033 (DecompileCallback)
WARN  Decompiling 14000d4a0, pcode error at 00000032: Could not follow disassembly flow into non-existing memory at 00000032 (DecompileCallback)
WARN  Decompiling 14000d4a0, pcode error at 00000031: Could not follow disassembly flow into non-existing memory at 00000031 (DecompileCallback)
WARN  Decompiling 14000d4a0, pcode error at 00000030: Could not follow disassembly flow into non-existing memory at 00000030 (DecompileCallback)
WARN  Decompiling 14000d4a0, pcode error at 0000002f: Could not follow disassembly flow into non-existing memory at 0000002f (DecompileCallback)
WARN  Decompiling 14000d4a0, pcode error at 0000002e: Could not follow disassembly flow into non-existing memory at 0000002e (DecompileCallback)
WARN  Decompiling 14000d4a0, pcode error at 0000002d: Could not follow disassembly flow into non-existing memory at 0000002d (DecompileCallback)
WARN  Decompiling 14000d4a0, pcode error at 0000002c: Could not follow disassembly flow into non-existing memory at 0000002c (DecompileCallback)
WARN  Decompiling 14000d4a0, pcode error at 0000002b: Could not follow disassembly flow into non-existing memory at 0000002b (DecompileCallback)
WARN  Decompiling 14000d4a0, pcode error at 0000002a: Could not follow disassembly flow into non-existing memory at 0000002a (DecompileCallback)
WARN  Decompiling 14000d4a0, pcode error at 00000029: Could not follow disassembly flow into non-existing memory at 00000029 (DecompileCallback)
WARN  Decompiling 14000d4a0, pcode error at 00000028: Could not follow disassembly flow into non-existing memory at 00000028 (DecompileCallback)
WARN  Decompiling 14000d4a0, pcode error at 00000027: Could not follow disassembly flow into non-existing memory at 00000027 (DecompileCallback)
WARN  Decompiling 14000d4a0, pcode error at 00000026: Could not follow disassembly flow into non-existing memory at 00000026 (DecompileCallback)
WARN  Decompiling 14000d4a0, pcode error at 00000025: Could not follow disassembly flow into non-existing memory at 00000025 (DecompileCallback)
WARN  Decompiling 14000d4a0, pcode error at 00000024: Could not follow disassembly flow into non-existing memory at 00000024 (DecompileCallback)
WARN  Decompiling 14000d4a0, pcode error at 00000023: Could not follow disassembly flow into non-existing memory at 00000023 (DecompileCallback)
WARN  Decompiling 14000d4a0, pcode error at 00000022: Could not follow disassembly flow into non-existing memory at 00000022 (DecompileCallback)
WARN  Decompiling 14000d4a0, pcode error at 00000021: Could not follow disassembly flow into non-existing memory at 00000021 (DecompileCallback)
WARN  Decompiling 14000d4a0, pcode error at 00000020: Could not follow disassembly flow into non-existing memory at 00000020 (DecompileCallback)
WARN  Decompiling 14000d4a0, pcode error at 0000001f: Could not follow disassembly flow into non-existing memory at 0000001f (DecompileCallback)
WARN  Decompiling 14000d4a0, pcode error at 0000001e: Could not follow disassembly flow into non-existing memory at 0000001e (DecompileCallback)
WARN  Decompiling 14000d4a0, pcode error at 0000001d: Could not follow disassembly flow into non-existing memory at 0000001d (DecompileCallback)
WARN  Decompiling 14000d4a0, pcode error at 0000001c: Could not follow disassembly flow into non-existing memory at 0000001c (DecompileCallback)
WARN  Decompiling 14000d4a0, pcode error at 0000001b: Could not follow disassembly flow into non-existing memory at 0000001b (DecompileCallback)
WARN  Decompiling 14000d4a0, pcode error at 0000001a: Could not follow disassembly flow into non-existing memory at 0000001a (DecompileCallback)
WARN  Decompiling 14000d4a0, pcode error at 00000019: Could not follow disassembly flow into non-existing memory at 00000019 (DecompileCallback)
WARN  Decompiling 14000d4a0, pcode error at 00000018: Could not follow disassembly flow into non-existing memory at 00000018 (DecompileCallback)
WARN  Decompiling 14000d4a0, pcode error at 00000017: Could not follow disassembly flow into non-existing memory at 00000017 (DecompileCallback)
WARN  Decompiling 14000d4a0, pcode error at 00000016: Could not follow disassembly flow into non-existing memory at 00000016 (DecompileCallback)
WARN  Decompiling 14000d4a0, pcode error at 00000015: Could not follow disassembly flow into non-existing memory at 00000015 (DecompileCallback)
WARN  Decompiling 14000d4a0, pcode error at 00000014: Could not follow disassembly flow into non-existing memory at 00000014 (DecompileCallback)
WARN  Decompiling 14000d4a0, pcode error at 00000013: Could not follow disassembly flow into non-existing memory at 00000013 (DecompileCallback)
WARN  Decompiling 14000d4a0, pcode error at 00000012: Could not follow disassembly flow into non-existing memory at 00000012 (DecompileCallback)
WARN  Decompiling 14000d4a0, pcode error at 00000011: Could not follow disassembly flow into non-existing memory at 00000011 (DecompileCallback)
WARN  Decompiling 14000d4a0, pcode error at 00000010: Could not follow disassembly flow into non-existing memory at 00000010 (DecompileCallback)
WARN  Decompiling 14000d4a0, pcode error at 0000000f: Could not follow disassembly flow into non-existing memory at 0000000f (DecompileCallback)
WARN  Decompiling 14000d4a0, pcode error at 0000000e: Could not follow disassembly flow into non-existing memory at 0000000e (DecompileCallback)
WARN  Decompiling 14000d4a0, pcode error at 0000000d: Could not follow disassembly flow into non-existing memory at 0000000d (DecompileCallback)
WARN  Decompiling 14000d4a0, pcode error at 0000000c: Could not follow disassembly flow into non-existing memory at 0000000c (DecompileCallback)
WARN  Decompiling 14000d4a0, pcode error at 0000000b: Could not follow disassembly flow into non-existing memory at 0000000b (DecompileCallback)
WARN  Decompiling 14000d4a0, pcode error at 0000000a: Could not follow disassembly flow into non-existing memory at 0000000a (DecompileCallback)
WARN  Decompiling 14000d4a0, pcode error at 00000009: Could not follow disassembly flow into non-existing memory at 00000009 (DecompileCallback)
WARN  Decompiling 14000d4a0, pcode error at 00000008: Could not follow disassembly flow into non-existing memory at 00000008 (DecompileCallback)
WARN  Decompiling 14000d4a0, pcode error at 00000007: Could not follow disassembly flow into non-existing memory at 00000007 (DecompileCallback)
WARN  Decompiling 14000d4a0, pcode error at 00000006: Could not follow disassembly flow into non-existing memory at 00000006 (DecompileCallback)
WARN  Decompiling 14000d4a0, pcode error at 00000005: Could not follow disassembly flow into non-existing memory at 00000005 (DecompileCallback)
WARN  Decompiling 14000d4a0, pcode error at 00000004: Could not follow disassembly flow into non-existing memory at 00000004 (DecompileCallback)
WARN  Decompiling 14000d4a0, pcode error at 00000003: Could not follow disassembly flow into non-existing memory at 00000003 (DecompileCallback)
WARN  Decompiling 14000d4a0, pcode error at 00000002: Could not follow disassembly flow into non-existing memory at 00000002 (DecompileCallback)
WARN  Decompiling 14000d4a0, pcode error at 00000001: Could not follow disassembly flow into non-existing memory at 00000001 (DecompileCallback)
WARN  Decompiling 14000d4a0, pcode error at 140016d5d: Failed to resolve varnode <Sreg>, index=7 (DecompileCallback)
WARN  Decompiling 14000d4a0, pcode error at 140016ca2: Unable to resolve constructor at 140016ca2 (DecompileCallback)
WARN  Decompiling 14000d4a0, pcode error at 140010d79: Unable to resolve constructor at 140010d79 (DecompileCallback)
WARN  Decompiling 14000d4a0, pcode error at 140010d54: Unable to resolve constructor at 140010d54 (DecompileCallback)
WARN  Decompiling 14000d4a0, pcode error at 14000f956: Unable to resolve constructor at 14000f956 (DecompileCallback)
WARN  Decompiling 14000d4a0, pcode error at 14000ed09: Unable to resolve constructor at 14000ed09 (DecompileCallback)
WARN  Decompiling 14000d4a0, pcode error at 14000e6e0: Unable to resolve constructor at 14000e6e0 (DecompileCallback)
WARN  Decompiling 14000d4a0, pcode error at 14000e716: Unable to resolve constructor at 14000e716 (DecompileCallback)
WARN  Decompiling 14000d4a0, pcode error at 14000e69f: Unable to resolve constructor at 14000e69f (DecompileCallback)
WARN  Decompiling 14000d4a0, pcode error at 14000e6ea: Unable to resolve constructor at 14000e6ea (DecompileCallback)
WARN  Decompiling 14000d4a0, pcode error at 14000dcc2: Unable to resolve constructor at 14000dcc2 (DecompileCallback)
WARN  Decompiling 14000d4a0, pcode error at 14000dcc8: Unable to resolve constructor at 14000dcc8 (DecompileCallback)
WARN  Decompiling 14000d4a0, pcode error at 140010d00: Unable to resolve constructor at 140010d00 (DecompileCallback)
WARN  Decompiling 14000d4a0, pcode error at 140012a5e: Unable to resolve constructor at 140012a5e (DecompileCallback)
WARN  Decompiling 14000d4a0, pcode error at 140010109: Unable to resolve constructor at 140010109 (DecompileCallback)
WARN  Decompiling 14000d4a0, pcode error at 140010004: Unable to resolve constructor at 140010004 (DecompileCallback)
WARN  Decompiling 14000d4a0, pcode error at 14000f62d: Unable to resolve constructor at 14000f62d (DecompileCallback)
WARN  Decompiling 14000d4a0, pcode error at 14000e6ff: Unable to resolve constructor at 14000e6ff (DecompileCallback)
WARN  Decompiling 14000d4a0, pcode error at 14000e6d6: Unable to resolve constructor at 14000e6d6 (DecompileCallback)
WARN  Decompiling 14000d4a0, pcode error at 14000dc86: Unable to resolve constructor at 14000dc86 (DecompileCallback)
WARN  Decompiling 14000d4a0, pcode error at 14000d9c5: Unable to resolve constructor at 14000d9c5 (DecompileCallback)
WARN  Decompiling 14000a03c: Unable to read bytes at ram:e8606e5c (DecompileCallback)
WARN  Decompiling 14000a03c: Unable to read bytes at ram:e8606da0 (DecompileCallback)
WARN  Decompiling 14000a03c, pcode error at 140016d5d: Failed to resolve varnode <Sreg>, index=7 (DecompileCallback)
WARN  Decompiling 14000a03c, pcode error at 140016ca2: Unable to resolve constructor at 140016ca2 (DecompileCallback)
WARN  Decompiling 14000a03c, pcode error at 140010d79: Unable to resolve constructor at 140010d79 (DecompileCallback)
WARN  Decompiling 14000a03c, pcode error at 140010d54: Unable to resolve constructor at 140010d54 (DecompileCallback)
WARN  Decompiling 14000a03c, pcode error at 14000f956: Unable to resolve constructor at 14000f956 (DecompileCallback)
WARN  Decompiling 14000a03c, pcode error at 14000ed09: Unable to resolve constructor at 14000ed09 (DecompileCallback)
WARN  Decompiling 14000a03c, pcode error at 14000e6e0: Unable to resolve constructor at 14000e6e0 (DecompileCallback)
WARN  Decompiling 14000a03c, pcode error at 14000e716: Unable to resolve constructor at 14000e716 (DecompileCallback)
WARN  Decompiling 14000a03c, pcode error at 14000e69f: Unable to resolve constructor at 14000e69f (DecompileCallback)
WARN  Decompiling 14000a03c, pcode error at 14000e6ea: Unable to resolve constructor at 14000e6ea (DecompileCallback)
WARN  Decompiling 14000a03c, pcode error at 14000dc58: Unable to resolve constructor at 14000dc58 (DecompileCallback)
WARN  Decompiling 14000a03c, pcode error at 14000dcc2: Unable to resolve constructor at 14000dcc2 (DecompileCallback)
WARN  Decompiling 14000a03c, pcode error at 14000dcc8: Unable to resolve constructor at 14000dcc8 (DecompileCallback)
WARN  Decompiling 14000e4b0: Unable to read bytes at ram:e8606dd4 (DecompileCallback)
WARN  Decompiling 14000e4b0, pcode error at 140016cd6: Unable to resolve constructor at 140016cd6 (DecompileCallback)
WARN  Decompiling 14000e4b0, pcode error at 140010dbb: Unable to resolve constructor at 140010dbb (DecompileCallback)
WARN  Decompiling 14000e4b0, pcode error at 14000f992: Unable to resolve constructor at 14000f992 (DecompileCallback)
WARN  Decompiling 14000e4b0, pcode error at 14000f927: Unable to resolve constructor at 14000f927 (DecompileCallback)
WARN  Decompiling 14000e4b0, pcode error at 14000ed67: Unable to resolve constructor at 14000ed67 (DecompileCallback)
WARN  Decompiling 14000e4b0, pcode error at 14000ea25: Unable to resolve constructor at 14000ea25 (DecompileCallback)
WARN  Decompiling 14000e4b0, pcode error at 14000e9cf: Unable to resolve constructor at 14000e9cf (DecompileCallback)
WARN  Decompiling 14000e4b0, pcode error at 14000ea68: Unable to resolve constructor at 14000ea68 (DecompileCallback)
WARN  Decompiling 14000e4b0, pcode error at 14000e9fe: Unable to resolve constructor at 14000e9fe (DecompileCallback)
WARN  Decompiling 14000e4b0, pcode error at 14000e766: Unable to resolve constructor at 14000e766 (DecompileCallback)
WARN  Decompiling 14000e4b0, pcode error at 14000e756: Unable to resolve constructor at 14000e756 (DecompileCallback)
WARN  Decompiling 14000e4b0, pcode error at 14000e762: Unable to resolve constructor at 14000e762 (DecompileCallback)
WARN  Decompiling 14000e4b0: Unable to read bytes at ram:e8606e08 (DecompileCallback)
WARN  Decompiling 14000e4b0: Unable to read bytes at ram:e8606df0 (DecompileCallback)
WARN  Decompiling 14000e4b0, pcode error at 140016d12: Unable to resolve constructor at 140016d12 (DecompileCallback)
WARN  Decompiling 14000e4b0, pcode error at 140016d0a: Unable to resolve constructor at 140016d0a (DecompileCallback)
WARN  Decompiling 14000e4b0, pcode error at 140012b44: Unable to resolve constructor at 140012b44 (DecompileCallback)
WARN  Decompiling 14000e4b0, pcode error at 14000f9bd: Unable to resolve constructor at 14000f9bd (DecompileCallback)
WARN  Decompiling 14000e4b0, pcode error at 14000f6a9: Unable to resolve constructor at 14000f6a9 (DecompileCallback)
WARN  Decompiling 14000e4b0, pcode error at 14000ed5c: Unable to resolve constructor at 14000ed5c (DecompileCallback)
WARN  Decompiling 14000e4b0, pcode error at 14000ea5c: Unable to resolve constructor at 14000ea5c (DecompileCallback)
WARN  Decompiling 14000e4b0, pcode error at 14000ea3d: Unable to resolve constructor at 14000ea3d (DecompileCallback)
WARN  Decompiling 14000e4b0, pcode error at 140016d02: Unable to resolve constructor at 140016d02 (DecompileCallback)
WARN  Decompiling 14000e4b0, pcode error at 140016cf6: Unable to resolve constructor at 140016cf6 (DecompileCallback)
WARN  Decompiling 14000e4b0, pcode error at 140010dee: Unable to resolve constructor at 140010dee (DecompileCallback)
WARN  Decompiling 14000e4b0, pcode error at 1400101a2: Unable to resolve constructor at 1400101a2 (DecompileCallback)
WARN  Decompiling 14000e4b0, pcode error at 14000ed3e: Unable to resolve constructor at 14000ed3e (DecompileCallback)
WARN  Decompiling 14000e4b0, pcode error at 14000ea45: Unable to resolve constructor at 14000ea45 (DecompileCallback)
WARN  Decompiling 14000d4a0: Unable to read bytes at ram:e8606e20 (DecompileCallback)
WARN  Decompiling 14000d4a0, pcode error at 140016d22: Unable to resolve constructor at 140016d22 (DecompileCallback)
WARN  Decompiling 14000d4a0, pcode error at 140012b61: Unable to resolve constructor at 140012b61 (DecompileCallback)
WARN  Decompiling 14000d4a0, pcode error at 140012b84: Unable to resolve constructor at 140012b84 (DecompileCallback)
WARN  Decompiling 14000d4a0, pcode error at 14000edb1: Unable to resolve constructor at 14000edb1 (DecompileCallback)
WARN  Decompiling 14000e4b0: Unable to read bytes at ram:e400e72d (DecompileCallback)
WARN  Decompiling 14000a03c: Unable to read bytes at ram:e8606e20 (DecompileCallback)
WARN  Decompiling 14000a03c, pcode error at 140016d22: Unable to resolve constructor at 140016d22 (DecompileCallback)
WARN  Decompiling 14000a03c, pcode error at 140012b61: Unable to resolve constructor at 140012b61 (DecompileCallback)
WARN  Decompiling 14000a03c, pcode error at 140012b84: Unable to resolve constructor at 140012b84 (DecompileCallback)
WARN  Decompiling 14000a03c, pcode error at 140010109: Unable to resolve constructor at 140010109 (DecompileCallback)
WARN  Decompiling 14000a03c, pcode error at 14000edb1: Unable to resolve constructor at 14000edb1 (DecompileCallback)
WARN  Decompiling 14000e4b0: Unable to read bytes at ram:e8606e20 (DecompileCallback)
WARN  Decompiling 14000e4b0, pcode error at 140016d22: Unable to resolve constructor at 140016d22 (DecompileCallback)
WARN  Decompiling 14000e4b0, pcode error at 140012b61: Unable to resolve constructor at 140012b61 (DecompileCallback)
WARN  Decompiling 14000e4b0, pcode error at 140012b84: Unable to resolve constructor at 140012b84 (DecompileCallback)
WARN  Decompiling 14000e4b0, pcode error at 140010109: Unable to resolve constructor at 140010109 (DecompileCallback)
WARN  Decompiling 14000e4b0, pcode error at 14000edb1: Unable to resolve constructor at 14000edb1 (DecompileCallback)
WARN  Decompiling 14000d4a0: Unable to read bytes at ram:e8606d30 (DecompileCallback)
WARN  Decompiling 14000d4a0, pcode error at 140016c30: Unable to resolve constructor at 140016c30 (DecompileCallback)
WARN  Decompiling 14000d4a0, pcode error at 14000f614: Unable to resolve constructor at 14000f614 (DecompileCallback)
WARN  Decompiling 14000d4a0, pcode error at 14000e6d7: Unable to resolve constructor at 14000e6d7 (DecompileCallback)
WARN  Decompiling 14000d4a0, pcode error at 14000e6bf: Unable to resolve constructor at 14000e6bf (DecompileCallback)
WARN  Decompiling 14000d4a0, pcode error at 14000e62a: Unable to resolve constructor at 14000e62a (DecompileCallback)
WARN  Decompiling 14000d4a0, pcode error at 14000dc58: Unable to resolve constructor at 14000dc58 (DecompileCallback)
WARN  Decompiling 14000d4a0: Unable to read bytes at ram:e8606e5c (DecompileCallback)
WARN  Decompiling 14000d4a0: Unable to read bytes at ram:e8606da0 (DecompileCallback)
WARN  Decompiling 14000d4a0: Unable to read bytes at ram:e8606d4c (DecompileCallback)
WARN  Decompiling 14000d4a0, pcode error at 000000ff: Could not follow disassembly flow into non-existing memory at 000000ff (DecompileCallback)
WARN  Decompiling 14000d4a0, pcode error at 000000fe: Could not follow disassembly flow into non-existing memory at 000000fe (DecompileCallback)
WARN  Decompiling 14000d4a0, pcode error at 000000fd: Could not follow disassembly flow into non-existing memory at 000000fd (DecompileCallback)
WARN  Decompiling 14000d4a0, pcode error at 000000fc: Could not follow disassembly flow into non-existing memory at 000000fc (DecompileCallback)
WARN  Decompiling 14000d4a0, pcode error at 000000fb: Could not follow disassembly flow into non-existing memory at 000000fb (DecompileCallback)
WARN  Decompiling 14000d4a0, pcode error at 000000fa: Could not follow disassembly flow into non-existing memory at 000000fa (DecompileCallback)
WARN  Decompiling 14000d4a0, pcode error at 000000f9: Could not follow disassembly flow into non-existing memory at 000000f9 (DecompileCallback)
WARN  Decompiling 14000d4a0, pcode error at 000000f8: Could not follow disassembly flow into non-existing memory at 000000f8 (DecompileCallback)
WARN  Decompiling 14000d4a0, pcode error at 000000f7: Could not follow disassembly flow into non-existing memory at 000000f7 (DecompileCallback)
WARN  Decompiling 14000d4a0, pcode error at 000000f6: Could not follow disassembly flow into non-existing memory at 000000f6 (DecompileCallback)
WARN  Decompiling 14000d4a0, pcode error at 000000f5: Could not follow disassembly flow into non-existing memory at 000000f5 (DecompileCallback)
WARN  Decompiling 14000d4a0, pcode error at 000000f4: Could not follow disassembly flow into non-existing memory at 000000f4 (DecompileCallback)
WARN  Decompiling 14000d4a0, pcode error at 000000f3: Could not follow disassembly flow into non-existing memory at 000000f3 (DecompileCallback)
WARN  Decompiling 14000d4a0, pcode error at 000000f2: Could not follow disassembly flow into non-existing memory at 000000f2 (DecompileCallback)
WARN  Decompiling 14000d4a0, pcode error at 000000f1: Could not follow disassembly flow into non-existing memory at 000000f1 (DecompileCallback)
WARN  Decompiling 14000d4a0, pcode error at 000000f0: Could not follow disassembly flow into non-existing memory at 000000f0 (DecompileCallback)
WARN  Decompiling 14000d4a0, pcode error at 000000ef: Could not follow disassembly flow into non-existing memory at 000000ef (DecompileCallback)
WARN  Decompiling 14000d4a0, pcode error at 000000ee: Could not follow disassembly flow into non-existing memory at 000000ee (DecompileCallback)
WARN  Decompiling 14000d4a0, pcode error at 000000ed: Could not follow disassembly flow into non-existing memory at 000000ed (DecompileCallback)
WARN  Decompiling 14000d4a0, pcode error at 000000ec: Could not follow disassembly flow into non-existing memory at 000000ec (DecompileCallback)
WARN  Decompiling 14000d4a0, pcode error at 000000eb: Could not follow disassembly flow into non-existing memory at 000000eb (DecompileCallback)
WARN  Decompiling 14000d4a0, pcode error at 000000ea: Could not follow disassembly flow into non-existing memory at 000000ea (DecompileCallback)
WARN  Decompiling 14000d4a0, pcode error at 000000e9: Could not follow disassembly flow into non-existing memory at 000000e9 (DecompileCallback)
WARN  Decompiling 14000d4a0, pcode error at 000000e8: Could not follow disassembly flow into non-existing memory at 000000e8 (DecompileCallback)
WARN  Decompiling 14000d4a0, pcode error at 000000e7: Could not follow disassembly flow into non-existing memory at 000000e7 (DecompileCallback)
WARN  Decompiling 14000d4a0, pcode error at 000000e6: Could not follow disassembly flow into non-existing memory at 000000e6 (DecompileCallback)
WARN  Decompiling 14000d4a0, pcode error at 000000e5: Could not follow disassembly flow into non-existing memory at 000000e5 (DecompileCallback)
WARN  Decompiling 14000d4a0, pcode error at 000000e4: Could not follow disassembly flow into non-existing memory at 000000e4 (DecompileCallback)
WARN  Decompiling 14000d4a0, pcode error at 000000e3: Could not follow disassembly flow into non-existing memory at 000000e3 (DecompileCallback)
WARN  Decompiling 14000d4a0, pcode error at 000000e2: Could not follow disassembly flow into non-existing memory at 000000e2 (DecompileCallback)
WARN  Decompiling 14000d4a0, pcode error at 000000e1: Could not follow disassembly flow into non-existing memory at 000000e1 (DecompileCallback)
WARN  Decompiling 14000d4a0, pcode error at 000000e0: Could not follow disassembly flow into non-existing memory at 000000e0 (DecompileCallback)
WARN  Decompiling 14000d4a0, pcode error at 000000df: Could not follow disassembly flow into non-existing memory at 000000df (DecompileCallback)
WARN  Decompiling 14000d4a0, pcode error at 000000de: Could not follow disassembly flow into non-existing memory at 000000de (DecompileCallback)
WARN  Decompiling 14000d4a0, pcode error at 000000dd: Could not follow disassembly flow into non-existing memory at 000000dd (DecompileCallback)
WARN  Decompiling 14000d4a0, pcode error at 000000dc: Could not follow disassembly flow into non-existing memory at 000000dc (DecompileCallback)
WARN  Decompiling 14000d4a0, pcode error at 000000db: Could not follow disassembly flow into non-existing memory at 000000db (DecompileCallback)
WARN  Decompiling 14000d4a0, pcode error at 000000da: Could not follow disassembly flow into non-existing memory at 000000da (DecompileCallback)
WARN  Decompiling 14000d4a0, pcode error at 000000d9: Could not follow disassembly flow into non-existing memory at 000000d9 (DecompileCallback)
WARN  Decompiling 14000d4a0, pcode error at 000000d8: Could not follow disassembly flow into non-existing memory at 000000d8 (DecompileCallback)
WARN  Decompiling 14000d4a0, pcode error at 000000d7: Could not follow disassembly flow into non-existing memory at 000000d7 (DecompileCallback)
WARN  Decompiling 14000d4a0, pcode error at 000000d6: Could not follow disassembly flow into non-existing memory at 000000d6 (DecompileCallback)
WARN  Decompiling 14000d4a0, pcode error at 000000d5: Could not follow disassembly flow into non-existing memory at 000000d5 (DecompileCallback)
WARN  Decompiling 14000d4a0, pcode error at 000000d4: Could not follow disassembly flow into non-existing memory at 000000d4 (DecompileCallback)
WARN  Decompiling 14000d4a0, pcode error at 000000d3: Could not follow disassembly flow into non-existing memory at 000000d3 (DecompileCallback)
WARN  Decompiling 14000d4a0, pcode error at 000000d2: Could not follow disassembly flow into non-existing memory at 000000d2 (DecompileCallback)
WARN  Decompiling 14000d4a0, pcode error at 000000d1: Could not follow disassembly flow into non-existing memory at 000000d1 (DecompileCallback)
WARN  Decompiling 14000d4a0, pcode error at 000000d0: Could not follow disassembly flow into non-existing memory at 000000d0 (DecompileCallback)
WARN  Decompiling 14000d4a0, pcode error at 000000cf: Could not follow disassembly flow into non-existing memory at 000000cf (DecompileCallback)
WARN  Decompiling 14000d4a0, pcode error at 000000ce: Could not follow disassembly flow into non-existing memory at 000000ce (DecompileCallback)
WARN  Decompiling 14000d4a0, pcode error at 000000cd: Could not follow disassembly flow into non-existing memory at 000000cd (DecompileCallback)
WARN  Decompiling 14000d4a0, pcode error at 000000cc: Could not follow disassembly flow into non-existing memory at 000000cc (DecompileCallback)
WARN  Decompiling 14000d4a0, pcode error at 000000cb: Could not follow disassembly flow into non-existing memory at 000000cb (DecompileCallback)
WARN  Decompiling 14000d4a0, pcode error at 000000ca: Could not follow disassembly flow into non-existing memory at 000000ca (DecompileCallback)
WARN  Decompiling 14000d4a0, pcode error at 000000c9: Could not follow disassembly flow into non-existing memory at 000000c9 (DecompileCallback)
WARN  Decompiling 14000d4a0, pcode error at 000000c8: Could not follow disassembly flow into non-existing memory at 000000c8 (DecompileCallback)
WARN  Decompiling 14000d4a0, pcode error at 000000c7: Could not follow disassembly flow into non-existing memory at 000000c7 (DecompileCallback)
WARN  Decompiling 14000d4a0, pcode error at 000000c6: Could not follow disassembly flow into non-existing memory at 000000c6 (DecompileCallback)
WARN  Decompiling 14000d4a0, pcode error at 000000c5: Could not follow disassembly flow into non-existing memory at 000000c5 (DecompileCallback)
WARN  Decompiling 14000d4a0, pcode error at 000000c4: Could not follow disassembly flow into non-existing memory at 000000c4 (DecompileCallback)
WARN  Decompiling 14000d4a0, pcode error at 000000c3: Could not follow disassembly flow into non-existing memory at 000000c3 (DecompileCallback)
WARN  Decompiling 14000d4a0, pcode error at 000000c2: Could not follow disassembly flow into non-existing memory at 000000c2 (DecompileCallback)
WARN  Decompiling 14000d4a0, pcode error at 000000c1: Could not follow disassembly flow into non-existing memory at 000000c1 (DecompileCallback)
WARN  Decompiling 14000d4a0, pcode error at 000000c0: Could not follow disassembly flow into non-existing memory at 000000c0 (DecompileCallback)
WARN  Decompiling 14000d4a0, pcode error at 000000bf: Could not follow disassembly flow into non-existing memory at 000000bf (DecompileCallback)
WARN  Decompiling 14000d4a0, pcode error at 000000be: Could not follow disassembly flow into non-existing memory at 000000be (DecompileCallback)
WARN  Decompiling 14000d4a0, pcode error at 000000bd: Could not follow disassembly flow into non-existing memory at 000000bd (DecompileCallback)
WARN  Decompiling 14000d4a0, pcode error at 000000bc: Could not follow disassembly flow into non-existing memory at 000000bc (DecompileCallback)
WARN  Decompiling 14000d4a0, pcode error at 000000bb: Could not follow disassembly flow into non-existing memory at 000000bb (DecompileCallback)
WARN  Decompiling 14000d4a0, pcode error at 000000ba: Could not follow disassembly flow into non-existing memory at 000000ba (DecompileCallback)
WARN  Decompiling 14000d4a0, pcode error at 000000b9: Could not follow disassembly flow into non-existing memory at 000000b9 (DecompileCallback)
WARN  Decompiling 14000d4a0, pcode error at 000000b8: Could not follow disassembly flow into non-existing memory at 000000b8 (DecompileCallback)
WARN  Decompiling 14000d4a0, pcode error at 000000b7: Could not follow disassembly flow into non-existing memory at 000000b7 (DecompileCallback)
WARN  Decompiling 14000d4a0, pcode error at 000000b6: Could not follow disassembly flow into non-existing memory at 000000b6 (DecompileCallback)
WARN  Decompiling 14000d4a0, pcode error at 000000b5: Could not follow disassembly flow into non-existing memory at 000000b5 (DecompileCallback)
WARN  Decompiling 14000d4a0, pcode error at 000000b4: Could not follow disassembly flow into non-existing memory at 000000b4 (DecompileCallback)
WARN  Decompiling 14000d4a0, pcode error at 000000b3: Could not follow disassembly flow into non-existing memory at 000000b3 (DecompileCallback)
WARN  Decompiling 14000d4a0, pcode error at 000000b2: Could not follow disassembly flow into non-existing memory at 000000b2 (DecompileCallback)
WARN  Decompiling 14000d4a0, pcode error at 000000b1: Could not follow disassembly flow into non-existing memory at 000000b1 (DecompileCallback)
WARN  Decompiling 14000d4a0, pcode error at 000000b0: Could not follow disassembly flow into non-existing memory at 000000b0 (DecompileCallback)
WARN  Decompiling 14000d4a0, pcode error at 000000af: Could not follow disassembly flow into non-existing memory at 000000af (DecompileCallback)
WARN  Decompiling 14000d4a0, pcode error at 000000ae: Could not follow disassembly flow into non-existing memory at 000000ae (DecompileCallback)
WARN  Decompiling 14000d4a0, pcode error at 000000ad: Could not follow disassembly flow into non-existing memory at 000000ad (DecompileCallback)
WARN  Decompiling 14000d4a0, pcode error at 000000ac: Could not follow disassembly flow into non-existing memory at 000000ac (DecompileCallback)
WARN  Decompiling 14000d4a0, pcode error at 000000ab: Could not follow disassembly flow into non-existing memory at 000000ab (DecompileCallback)
WARN  Decompiling 14000d4a0, pcode error at 000000aa: Could not follow disassembly flow into non-existing memory at 000000aa (DecompileCallback)
WARN  Decompiling 14000d4a0, pcode error at 000000a9: Could not follow disassembly flow into non-existing memory at 000000a9 (DecompileCallback)
WARN  Decompiling 14000d4a0, pcode error at 000000a8: Could not follow disassembly flow into non-existing memory at 000000a8 (DecompileCallback)
WARN  Decompiling 14000d4a0, pcode error at 000000a7: Could not follow disassembly flow into non-existing memory at 000000a7 (DecompileCallback)
WARN  Decompiling 14000d4a0, pcode error at 000000a6: Could not follow disassembly flow into non-existing memory at 000000a6 (DecompileCallback)
WARN  Decompiling 14000d4a0, pcode error at 000000a5: Could not follow disassembly flow into non-existing memory at 000000a5 (DecompileCallback)
WARN  Decompiling 14000d4a0, pcode error at 000000a4: Could not follow disassembly flow into non-existing memory at 000000a4 (DecompileCallback)
WARN  Decompiling 14000d4a0, pcode error at 000000a3: Could not follow disassembly flow into non-existing memory at 000000a3 (DecompileCallback)
WARN  Decompiling 14000d4a0, pcode error at 000000a2: Could not follow disassembly flow into non-existing memory at 000000a2 (DecompileCallback)
WARN  Decompiling 14000d4a0, pcode error at 000000a1: Could not follow disassembly flow into non-existing memory at 000000a1 (DecompileCallback)
WARN  Decompiling 14000d4a0, pcode error at 000000a0: Could not follow disassembly flow into non-existing memory at 000000a0 (DecompileCallback)
WARN  Decompiling 14000d4a0, pcode error at 0000009f: Could not follow disassembly flow into non-existing memory at 0000009f (DecompileCallback)
WARN  Decompiling 14000d4a0, pcode error at 0000009e: Could not follow disassembly flow into non-existing memory at 0000009e (DecompileCallback)
WARN  Decompiling 14000d4a0, pcode error at 0000009d: Could not follow disassembly flow into non-existing memory at 0000009d (DecompileCallback)
WARN  Decompiling 14000d4a0, pcode error at 0000009c: Could not follow disassembly flow into non-existing memory at 0000009c (DecompileCallback)
WARN  Decompiling 14000d4a0, pcode error at 0000009b: Could not follow disassembly flow into non-existing memory at 0000009b (DecompileCallback)
WARN  Decompiling 14000d4a0, pcode error at 0000009a: Could not follow disassembly flow into non-existing memory at 0000009a (DecompileCallback)
WARN  Decompiling 14000d4a0, pcode error at 00000099: Could not follow disassembly flow into non-existing memory at 00000099 (DecompileCallback)
WARN  Decompiling 14000d4a0, pcode error at 00000098: Could not follow disassembly flow into non-existing memory at 00000098 (DecompileCallback)
WARN  Decompiling 14000d4a0, pcode error at 00000097: Could not follow disassembly flow into non-existing memory at 00000097 (DecompileCallback)
WARN  Decompiling 14000d4a0, pcode error at 00000096: Could not follow disassembly flow into non-existing memory at 00000096 (DecompileCallback)
WARN  Decompiling 14000d4a0, pcode error at 00000095: Could not follow disassembly flow into non-existing memory at 00000095 (DecompileCallback)
WARN  Decompiling 14000d4a0, pcode error at 00000094: Could not follow disassembly flow into non-existing memory at 00000094 (DecompileCallback)
WARN  Decompiling 14000d4a0, pcode error at 00000093: Could not follow disassembly flow into non-existing memory at 00000093 (DecompileCallback)
WARN  Decompiling 14000d4a0, pcode error at 00000092: Could not follow disassembly flow into non-existing memory at 00000092 (DecompileCallback)
WARN  Decompiling 14000d4a0, pcode error at 00000091: Could not follow disassembly flow into non-existing memory at 00000091 (DecompileCallback)
WARN  Decompiling 14000d4a0, pcode error at 00000090: Could not follow disassembly flow into non-existing memory at 00000090 (DecompileCallback)
WARN  Decompiling 14000d4a0, pcode error at 0000008f: Could not follow disassembly flow into non-existing memory at 0000008f (DecompileCallback)
WARN  Decompiling 14000d4a0, pcode error at 0000008e: Could not follow disassembly flow into non-existing memory at 0000008e (DecompileCallback)
WARN  Decompiling 14000d4a0, pcode error at 0000008d: Could not follow disassembly flow into non-existing memory at 0000008d (DecompileCallback)
WARN  Decompiling 14000d4a0, pcode error at 0000008c: Could not follow disassembly flow into non-existing memory at 0000008c (DecompileCallback)
WARN  Decompiling 14000d4a0, pcode error at 0000008b: Could not follow disassembly flow into non-existing memory at 0000008b (DecompileCallback)
WARN  Decompiling 14000d4a0, pcode error at 0000008a: Could not follow disassembly flow into non-existing memory at 0000008a (DecompileCallback)
WARN  Decompiling 14000d4a0, pcode error at 00000089: Could not follow disassembly flow into non-existing memory at 00000089 (DecompileCallback)
WARN  Decompiling 14000d4a0, pcode error at 00000088: Could not follow disassembly flow into non-existing memory at 00000088 (DecompileCallback)
WARN  Decompiling 14000d4a0, pcode error at 00000087: Could not follow disassembly flow into non-existing memory at 00000087 (DecompileCallback)
WARN  Decompiling 14000d4a0, pcode error at 00000086: Could not follow disassembly flow into non-existing memory at 00000086 (DecompileCallback)
WARN  Decompiling 14000d4a0, pcode error at 00000085: Could not follow disassembly flow into non-existing memory at 00000085 (DecompileCallback)
WARN  Decompiling 14000d4a0, pcode error at 00000084: Could not follow disassembly flow into non-existing memory at 00000084 (DecompileCallback)
WARN  Decompiling 14000d4a0, pcode error at 00000083: Could not follow disassembly flow into non-existing memory at 00000083 (DecompileCallback)
WARN  Decompiling 14000d4a0, pcode error at 00000082: Could not follow disassembly flow into non-existing memory at 00000082 (DecompileCallback)
WARN  Decompiling 14000d4a0, pcode error at 00000081: Could not follow disassembly flow into non-existing memory at 00000081 (DecompileCallback)
WARN  Decompiling 14000d4a0, pcode error at 00000080: Could not follow disassembly flow into non-existing memory at 00000080 (DecompileCallback)
WARN  Decompiling 14000d4a0, pcode error at 0000007f: Could not follow disassembly flow into non-existing memory at 0000007f (DecompileCallback)
WARN  Decompiling 14000d4a0, pcode error at 0000007e: Could not follow disassembly flow into non-existing memory at 0000007e (DecompileCallback)
WARN  Decompiling 14000d4a0, pcode error at 0000007d: Could not follow disassembly flow into non-existing memory at 0000007d (DecompileCallback)
WARN  Decompiling 14000d4a0, pcode error at 0000007c: Could not follow disassembly flow into non-existing memory at 0000007c (DecompileCallback)
WARN  Decompiling 14000d4a0, pcode error at 0000007b: Could not follow disassembly flow into non-existing memory at 0000007b (DecompileCallback)
WARN  Decompiling 14000d4a0, pcode error at 0000007a: Could not follow disassembly flow into non-existing memory at 0000007a (DecompileCallback)
WARN  Decompiling 14000d4a0, pcode error at 00000079: Could not follow disassembly flow into non-existing memory at 00000079 (DecompileCallback)
WARN  Decompiling 14000d4a0, pcode error at 00000078: Could not follow disassembly flow into non-existing memory at 00000078 (DecompileCallback)
WARN  Decompiling 14000d4a0, pcode error at 00000077: Could not follow disassembly flow into non-existing memory at 00000077 (DecompileCallback)
WARN  Decompiling 14000d4a0, pcode error at 00000076: Could not follow disassembly flow into non-existing memory at 00000076 (DecompileCallback)
WARN  Decompiling 14000d4a0, pcode error at 00000075: Could not follow disassembly flow into non-existing memory at 00000075 (DecompileCallback)
WARN  Decompiling 14000d4a0, pcode error at 00000074: Could not follow disassembly flow into non-existing memory at 00000074 (DecompileCallback)
WARN  Decompiling 14000d4a0, pcode error at 00000073: Could not follow disassembly flow into non-existing memory at 00000073 (DecompileCallback)
WARN  Decompiling 14000d4a0, pcode error at 00000072: Could not follow disassembly flow into non-existing memory at 00000072 (DecompileCallback)
WARN  Decompiling 14000d4a0, pcode error at 00000071: Could not follow disassembly flow into non-existing memory at 00000071 (DecompileCallback)
WARN  Decompiling 14000d4a0, pcode error at 00000070: Could not follow disassembly flow into non-existing memory at 00000070 (DecompileCallback)
WARN  Decompiling 14000d4a0, pcode error at 0000006f: Could not follow disassembly flow into non-existing memory at 0000006f (DecompileCallback)
WARN  Decompiling 14000d4a0, pcode error at 0000006e: Could not follow disassembly flow into non-existing memory at 0000006e (DecompileCallback)
WARN  Decompiling 14000d4a0, pcode error at 0000006d: Could not follow disassembly flow into non-existing memory at 0000006d (DecompileCallback)
WARN  Decompiling 14000d4a0, pcode error at 0000006c: Could not follow disassembly flow into non-existing memory at 0000006c (DecompileCallback)
WARN  Decompiling 14000d4a0, pcode error at 0000006b: Could not follow disassembly flow into non-existing memory at 0000006b (DecompileCallback)
WARN  Decompiling 14000d4a0, pcode error at 0000006a: Could not follow disassembly flow into non-existing memory at 0000006a (DecompileCallback)
WARN  Decompiling 14000d4a0, pcode error at 00000069: Could not follow disassembly flow into non-existing memory at 00000069 (DecompileCallback)
WARN  Decompiling 14000d4a0, pcode error at 00000068: Could not follow disassembly flow into non-existing memory at 00000068 (DecompileCallback)
WARN  Decompiling 14000d4a0, pcode error at 00000067: Could not follow disassembly flow into non-existing memory at 00000067 (DecompileCallback)
WARN  Decompiling 14000d4a0, pcode error at 00000066: Could not follow disassembly flow into non-existing memory at 00000066 (DecompileCallback)
WARN  Decompiling 14000d4a0, pcode error at 00000065: Could not follow disassembly flow into non-existing memory at 00000065 (DecompileCallback)
WARN  Decompiling 14000d4a0, pcode error at 00000064: Could not follow disassembly flow into non-existing memory at 00000064 (DecompileCallback)
WARN  Decompiling 14000d4a0, pcode error at 00000063: Could not follow disassembly flow into non-existing memory at 00000063 (DecompileCallback)
WARN  Decompiling 14000d4a0, pcode error at 00000062: Could not follow disassembly flow into non-existing memory at 00000062 (DecompileCallback)
WARN  Decompiling 14000d4a0, pcode error at 00000061: Could not follow disassembly flow into non-existing memory at 00000061 (DecompileCallback)
WARN  Decompiling 14000d4a0, pcode error at 00000060: Could not follow disassembly flow into non-existing memory at 00000060 (DecompileCallback)
WARN  Decompiling 14000d4a0, pcode error at 0000005f: Could not follow disassembly flow into non-existing memory at 0000005f (DecompileCallback)
WARN  Decompiling 14000d4a0, pcode error at 0000005e: Could not follow disassembly flow into non-existing memory at 0000005e (DecompileCallback)
WARN  Decompiling 14000d4a0, pcode error at 0000005d: Could not follow disassembly flow into non-existing memory at 0000005d (DecompileCallback)
WARN  Decompiling 14000d4a0, pcode error at 0000005c: Could not follow disassembly flow into non-existing memory at 0000005c (DecompileCallback)
WARN  Decompiling 14000d4a0, pcode error at 0000005b: Could not follow disassembly flow into non-existing memory at 0000005b (DecompileCallback)
WARN  Decompiling 14000d4a0, pcode error at 0000005a: Could not follow disassembly flow into non-existing memory at 0000005a (DecompileCallback)
WARN  Decompiling 14000d4a0, pcode error at 00000059: Could not follow disassembly flow into non-existing memory at 00000059 (DecompileCallback)
WARN  Decompiling 14000d4a0, pcode error at 00000058: Could not follow disassembly flow into non-existing memory at 00000058 (DecompileCallback)
WARN  Decompiling 14000d4a0, pcode error at 00000057: Could not follow disassembly flow into non-existing memory at 00000057 (DecompileCallback)
WARN  Decompiling 14000d4a0, pcode error at 00000056: Could not follow disassembly flow into non-existing memory at 00000056 (DecompileCallback)
WARN  Decompiling 14000d4a0, pcode error at 00000055: Could not follow disassembly flow into non-existing memory at 00000055 (DecompileCallback)
WARN  Decompiling 14000d4a0, pcode error at 00000054: Could not follow disassembly flow into non-existing memory at 00000054 (DecompileCallback)
WARN  Decompiling 14000d4a0, pcode error at 00000053: Could not follow disassembly flow into non-existing memory at 00000053 (DecompileCallback)
WARN  Decompiling 14000d4a0, pcode error at 00000052: Could not follow disassembly flow into non-existing memory at 00000052 (DecompileCallback)
WARN  Decompiling 14000d4a0, pcode error at 00000051: Could not follow disassembly flow into non-existing memory at 00000051 (DecompileCallback)
WARN  Decompiling 14000d4a0, pcode error at 00000050: Could not follow disassembly flow into non-existing memory at 00000050 (DecompileCallback)
WARN  Decompiling 14000d4a0, pcode error at 0000004f: Could not follow disassembly flow into non-existing memory at 0000004f (DecompileCallback)
WARN  Decompiling 14000d4a0, pcode error at 0000004e: Could not follow disassembly flow into non-existing memory at 0000004e (DecompileCallback)
WARN  Decompiling 14000d4a0, pcode error at 0000004d: Could not follow disassembly flow into non-existing memory at 0000004d (DecompileCallback)
WARN  Decompiling 14000d4a0, pcode error at 0000004c: Could not follow disassembly flow into non-existing memory at 0000004c (DecompileCallback)
WARN  Decompiling 14000d4a0, pcode error at 0000004b: Could not follow disassembly flow into non-existing memory at 0000004b (DecompileCallback)
WARN  Decompiling 14000d4a0, pcode error at 0000004a: Could not follow disassembly flow into non-existing memory at 0000004a (DecompileCallback)
WARN  Decompiling 14000d4a0, pcode error at 00000049: Could not follow disassembly flow into non-existing memory at 00000049 (DecompileCallback)
WARN  Decompiling 14000d4a0, pcode error at 00000048: Could not follow disassembly flow into non-existing memory at 00000048 (DecompileCallback)
WARN  Decompiling 14000d4a0, pcode error at 00000047: Could not follow disassembly flow into non-existing memory at 00000047 (DecompileCallback)
WARN  Decompiling 14000d4a0, pcode error at 00000046: Could not follow disassembly flow into non-existing memory at 00000046 (DecompileCallback)
WARN  Decompiling 14000d4a0, pcode error at 00000045: Could not follow disassembly flow into non-existing memory at 00000045 (DecompileCallback)
WARN  Decompiling 14000d4a0, pcode error at 00000044: Could not follow disassembly flow into non-existing memory at 00000044 (DecompileCallback)
WARN  Decompiling 14000d4a0, pcode error at 00000043: Could not follow disassembly flow into non-existing memory at 00000043 (DecompileCallback)
WARN  Decompiling 14000d4a0, pcode error at 00000042: Could not follow disassembly flow into non-existing memory at 00000042 (DecompileCallback)
WARN  Decompiling 14000d4a0, pcode error at 00000041: Could not follow disassembly flow into non-existing memory at 00000041 (DecompileCallback)
WARN  Decompiling 14000d4a0, pcode error at 00000040: Could not follow disassembly flow into non-existing memory at 00000040 (DecompileCallback)
WARN  Decompiling 14000d4a0, pcode error at 0000003f: Could not follow disassembly flow into non-existing memory at 0000003f (DecompileCallback)
WARN  Decompiling 14000d4a0, pcode error at 0000003e: Could not follow disassembly flow into non-existing memory at 0000003e (DecompileCallback)
WARN  Decompiling 14000d4a0, pcode error at 0000003d: Could not follow disassembly flow into non-existing memory at 0000003d (DecompileCallback)
WARN  Decompiling 14000d4a0, pcode error at 0000003c: Could not follow disassembly flow into non-existing memory at 0000003c (DecompileCallback)
WARN  Decompiling 14000d4a0, pcode error at 0000003b: Could not follow disassembly flow into non-existing memory at 0000003b (DecompileCallback)
WARN  Decompiling 14000d4a0, pcode error at 0000003a: Could not follow disassembly flow into non-existing memory at 0000003a (DecompileCallback)
WARN  Decompiling 14000d4a0, pcode error at 00000039: Could not follow disassembly flow into non-existing memory at 00000039 (DecompileCallback)
WARN  Decompiling 14000d4a0, pcode error at 00000038: Could not follow disassembly flow into non-existing memory at 00000038 (DecompileCallback)
WARN  Decompiling 14000d4a0, pcode error at 00000037: Could not follow disassembly flow into non-existing memory at 00000037 (DecompileCallback)
WARN  Decompiling 14000d4a0, pcode error at 00000036: Could not follow disassembly flow into non-existing memory at 00000036 (DecompileCallback)
WARN  Decompiling 14000d4a0, pcode error at 00000035: Could not follow disassembly flow into non-existing memory at 00000035 (DecompileCallback)
WARN  Decompiling 14000d4a0, pcode error at 00000034: Could not follow disassembly flow into non-existing memory at 00000034 (DecompileCallback)
WARN  Decompiling 14000d4a0, pcode error at 00000033: Could not follow disassembly flow into non-existing memory at 00000033 (DecompileCallback)
WARN  Decompiling 14000d4a0, pcode error at 00000032: Could not follow disassembly flow into non-existing memory at 00000032 (DecompileCallback)
WARN  Decompiling 14000d4a0, pcode error at 00000031: Could not follow disassembly flow into non-existing memory at 00000031 (DecompileCallback)
WARN  Decompiling 14000d4a0, pcode error at 00000030: Could not follow disassembly flow into non-existing memory at 00000030 (DecompileCallback)
WARN  Decompiling 14000d4a0, pcode error at 0000002f: Could not follow disassembly flow into non-existing memory at 0000002f (DecompileCallback)
WARN  Decompiling 14000d4a0, pcode error at 0000002e: Could not follow disassembly flow into non-existing memory at 0000002e (DecompileCallback)
WARN  Decompiling 14000d4a0, pcode error at 0000002d: Could not follow disassembly flow into non-existing memory at 0000002d (DecompileCallback)
WARN  Decompiling 14000d4a0, pcode error at 0000002c: Could not follow disassembly flow into non-existing memory at 0000002c (DecompileCallback)
WARN  Decompiling 14000d4a0, pcode error at 0000002b: Could not follow disassembly flow into non-existing memory at 0000002b (DecompileCallback)
WARN  Decompiling 14000d4a0, pcode error at 0000002a: Could not follow disassembly flow into non-existing memory at 0000002a (DecompileCallback)
WARN  Decompiling 14000d4a0, pcode error at 00000029: Could not follow disassembly flow into non-existing memory at 00000029 (DecompileCallback)
WARN  Decompiling 14000d4a0, pcode error at 00000028: Could not follow disassembly flow into non-existing memory at 00000028 (DecompileCallback)
WARN  Decompiling 14000d4a0, pcode error at 00000027: Could not follow disassembly flow into non-existing memory at 00000027 (DecompileCallback)
WARN  Decompiling 14000d4a0, pcode error at 00000026: Could not follow disassembly flow into non-existing memory at 00000026 (DecompileCallback)
WARN  Decompiling 14000d4a0, pcode error at 00000025: Could not follow disassembly flow into non-existing memory at 00000025 (DecompileCallback)
WARN  Decompiling 14000d4a0, pcode error at 00000024: Could not follow disassembly flow into non-existing memory at 00000024 (DecompileCallback)
WARN  Decompiling 14000d4a0, pcode error at 00000023: Could not follow disassembly flow into non-existing memory at 00000023 (DecompileCallback)
WARN  Decompiling 14000d4a0, pcode error at 00000022: Could not follow disassembly flow into non-existing memory at 00000022 (DecompileCallback)
WARN  Decompiling 14000d4a0, pcode error at 00000021: Could not follow disassembly flow into non-existing memory at 00000021 (DecompileCallback)
WARN  Decompiling 14000d4a0, pcode error at 00000020: Could not follow disassembly flow into non-existing memory at 00000020 (DecompileCallback)
WARN  Decompiling 14000d4a0, pcode error at 0000001f: Could not follow disassembly flow into non-existing memory at 0000001f (DecompileCallback)
WARN  Decompiling 14000d4a0, pcode error at 0000001e: Could not follow disassembly flow into non-existing memory at 0000001e (DecompileCallback)
WARN  Decompiling 14000d4a0, pcode error at 0000001d: Could not follow disassembly flow into non-existing memory at 0000001d (DecompileCallback)
WARN  Decompiling 14000d4a0, pcode error at 0000001c: Could not follow disassembly flow into non-existing memory at 0000001c (DecompileCallback)
WARN  Decompiling 14000d4a0, pcode error at 0000001b: Could not follow disassembly flow into non-existing memory at 0000001b (DecompileCallback)
WARN  Decompiling 14000d4a0, pcode error at 0000001a: Could not follow disassembly flow into non-existing memory at 0000001a (DecompileCallback)
WARN  Decompiling 14000d4a0, pcode error at 00000019: Could not follow disassembly flow into non-existing memory at 00000019 (DecompileCallback)
WARN  Decompiling 14000d4a0, pcode error at 00000018: Could not follow disassembly flow into non-existing memory at 00000018 (DecompileCallback)
WARN  Decompiling 14000d4a0, pcode error at 00000017: Could not follow disassembly flow into non-existing memory at 00000017 (DecompileCallback)
WARN  Decompiling 14000d4a0, pcode error at 00000016: Could not follow disassembly flow into non-existing memory at 00000016 (DecompileCallback)
WARN  Decompiling 14000d4a0, pcode error at 00000015: Could not follow disassembly flow into non-existing memory at 00000015 (DecompileCallback)
WARN  Decompiling 14000d4a0, pcode error at 00000014: Could not follow disassembly flow into non-existing memory at 00000014 (DecompileCallback)
WARN  Decompiling 14000d4a0, pcode error at 00000013: Could not follow disassembly flow into non-existing memory at 00000013 (DecompileCallback)
WARN  Decompiling 14000d4a0, pcode error at 00000012: Could not follow disassembly flow into non-existing memory at 00000012 (DecompileCallback)
WARN  Decompiling 14000d4a0, pcode error at 00000011: Could not follow disassembly flow into non-existing memory at 00000011 (DecompileCallback)
WARN  Decompiling 14000d4a0, pcode error at 00000010: Could not follow disassembly flow into non-existing memory at 00000010 (DecompileCallback)
WARN  Decompiling 14000d4a0, pcode error at 0000000f: Could not follow disassembly flow into non-existing memory at 0000000f (DecompileCallback)
WARN  Decompiling 14000d4a0, pcode error at 0000000e: Could not follow disassembly flow into non-existing memory at 0000000e (DecompileCallback)
WARN  Decompiling 14000d4a0, pcode error at 0000000d: Could not follow disassembly flow into non-existing memory at 0000000d (DecompileCallback)
WARN  Decompiling 14000d4a0, pcode error at 0000000c: Could not follow disassembly flow into non-existing memory at 0000000c (DecompileCallback)
WARN  Decompiling 14000d4a0, pcode error at 0000000b: Could not follow disassembly flow into non-existing memory at 0000000b (DecompileCallback)
WARN  Decompiling 14000d4a0, pcode error at 0000000a: Could not follow disassembly flow into non-existing memory at 0000000a (DecompileCallback)
WARN  Decompiling 14000d4a0, pcode error at 00000009: Could not follow disassembly flow into non-existing memory at 00000009 (DecompileCallback)
WARN  Decompiling 14000d4a0, pcode error at 00000008: Could not follow disassembly flow into non-existing memory at 00000008 (DecompileCallback)
WARN  Decompiling 14000d4a0, pcode error at 00000007: Could not follow disassembly flow into non-existing memory at 00000007 (DecompileCallback)
WARN  Decompiling 14000d4a0, pcode error at 00000006: Could not follow disassembly flow into non-existing memory at 00000006 (DecompileCallback)
WARN  Decompiling 14000d4a0, pcode error at 00000005: Could not follow disassembly flow into non-existing memory at 00000005 (DecompileCallback)
WARN  Decompiling 14000d4a0, pcode error at 00000004: Could not follow disassembly flow into non-existing memory at 00000004 (DecompileCallback)
WARN  Decompiling 14000d4a0, pcode error at 00000003: Could not follow disassembly flow into non-existing memory at 00000003 (DecompileCallback)
WARN  Decompiling 14000d4a0, pcode error at 00000002: Could not follow disassembly flow into non-existing memory at 00000002 (DecompileCallback)
WARN  Decompiling 14000d4a0, pcode error at 00000001: Could not follow disassembly flow into non-existing memory at 00000001 (DecompileCallback)
WARN  Decompiling 14000d4a0, pcode error at 140016d5d: Failed to resolve varnode <Sreg>, index=7 (DecompileCallback)
WARN  Decompiling 14000d4a0, pcode error at 140016ca2: Unable to resolve constructor at 140016ca2 (DecompileCallback)
WARN  Decompiling 14000d4a0, pcode error at 140010d79: Unable to resolve constructor at 140010d79 (DecompileCallback)
WARN  Decompiling 14000d4a0, pcode error at 140010d54: Unable to resolve constructor at 140010d54 (DecompileCallback)
WARN  Decompiling 14000d4a0, pcode error at 14000f956: Unable to resolve constructor at 14000f956 (DecompileCallback)
WARN  Decompiling 14000d4a0, pcode error at 14000ed09: Unable to resolve constructor at 14000ed09 (DecompileCallback)
WARN  Decompiling 14000d4a0, pcode error at 14000e6e0: Unable to resolve constructor at 14000e6e0 (DecompileCallback)
WARN  Decompiling 14000d4a0, pcode error at 14000e716: Unable to resolve constructor at 14000e716 (DecompileCallback)
WARN  Decompiling 14000d4a0, pcode error at 14000e69f: Unable to resolve constructor at 14000e69f (DecompileCallback)
WARN  Decompiling 14000d4a0, pcode error at 14000e6ea: Unable to resolve constructor at 14000e6ea (DecompileCallback)
WARN  Decompiling 14000d4a0, pcode error at 14000dcc2: Unable to resolve constructor at 14000dcc2 (DecompileCallback)
WARN  Decompiling 14000d4a0, pcode error at 14000dcc8: Unable to resolve constructor at 14000dcc8 (DecompileCallback)
WARN  Decompiling 14000d4a0, pcode error at 140010d00: Unable to resolve constructor at 140010d00 (DecompileCallback)
WARN  Decompiling 14000d4a0, pcode error at 140012a5e: Unable to resolve constructor at 140012a5e (DecompileCallback)
WARN  Decompiling 14000d4a0, pcode error at 140010109: Unable to resolve constructor at 140010109 (DecompileCallback)
WARN  Decompiling 14000d4a0, pcode error at 140010004: Unable to resolve constructor at 140010004 (DecompileCallback)
WARN  Decompiling 14000d4a0, pcode error at 14000f62d: Unable to resolve constructor at 14000f62d (DecompileCallback)
WARN  Decompiling 14000d4a0, pcode error at 14000e6ff: Unable to resolve constructor at 14000e6ff (DecompileCallback)
WARN  Decompiling 14000d4a0, pcode error at 14000e6d6: Unable to resolve constructor at 14000e6d6 (DecompileCallback)
WARN  Decompiling 14000d4a0, pcode error at 14000dc86: Unable to resolve constructor at 14000dc86 (DecompileCallback)
WARN  Decompiling 14000d4a0, pcode error at 14000d9c5: Unable to resolve constructor at 14000d9c5 (DecompileCallback)
WARN  Decompiling 14000d4a0: Unable to read bytes at ram:e8606e20 (DecompileCallback)
WARN  Decompiling 14000d4a0, pcode error at 140016d22: Unable to resolve constructor at 140016d22 (DecompileCallback)
WARN  Decompiling 14000d4a0, pcode error at 140012b61: Unable to resolve constructor at 140012b61 (DecompileCallback)
WARN  Decompiling 14000d4a0, pcode error at 140012b84: Unable to resolve constructor at 140012b84 (DecompileCallback)
WARN  Decompiling 14000d4a0, pcode error at 14000edb1: Unable to resolve constructor at 14000edb1 (DecompileCallback)
INFO  Packed database cache: ${LOCALAPPDATA}\ghidra\packed-db-cache (PackedDatabaseCache)
INFO  Applied data type archive: windows_vs12_64 (ApplyDataArchiveAnalyzer)
WARN  Decompiling 14000f8e8: Unable to read bytes at ram:e8606e5c (DecompileCallback)
WARN  Decompiling 14000f8e8, pcode error at 140016d5d: Failed to resolve varnode <Sreg>, index=7 (DecompileCallback)
WARN  Decompiling 14000f8e8: Unable to read bytes at ram:640055420 (DecompileCallback)
WARN  Decompiling 14000a03c: Unable to read bytes at ram:e8606d20 (DecompileCallback)
WARN  Decompiling 14000a03c, pcode error at 140016c2a: Unable to resolve constructor at 140016c2a (DecompileCallback)
WARN  Decompiling 14000a03c, pcode error at 140012a5e: Unable to resolve constructor at 140012a5e (DecompileCallback)
WARN  Decompiling 14000a03c, pcode error at 1400100d2: Unable to resolve constructor at 1400100d2 (DecompileCallback)
WARN  Decompiling 14000a03c, pcode error at 14000dc42: Unable to resolve constructor at 14000dc42 (DecompileCallback)
WARN  Decompiling 14000a03c, pcode error at 14000dc4b: Unable to resolve constructor at 14000dc4b (DecompileCallback)
WARN  Decompiling 14000a03c, pcode error at 14000d99a: Unable to resolve constructor at 14000d99a (DecompileCallback)
WARN  Decompiling 14000a03c: Unable to read bytes at ram:e8606e5c (DecompileCallback)
WARN  Decompiling 14000a03c: Unable to read bytes at ram:e8606da0 (DecompileCallback)
WARN  Decompiling 14000a03c, pcode error at 140016d5d: Failed to resolve varnode <Sreg>, index=7 (DecompileCallback)
WARN  Decompiling 14000a03c, pcode error at 140016ca2: Unable to resolve constructor at 140016ca2 (DecompileCallback)
WARN  Decompiling 14000a03c, pcode error at 140010d79: Unable to resolve constructor at 140010d79 (DecompileCallback)
WARN  Decompiling 14000a03c, pcode error at 140010d54: Unable to resolve constructor at 140010d54 (DecompileCallback)
WARN  Decompiling 14000a03c, pcode error at 14000f956: Unable to resolve constructor at 14000f956 (DecompileCallback)
WARN  Decompiling 14000a03c, pcode error at 14000ed09: Unable to resolve constructor at 14000ed09 (DecompileCallback)
WARN  Decompiling 14000a03c, pcode error at 14000e6e0: Unable to resolve constructor at 14000e6e0 (DecompileCallback)
WARN  Decompiling 14000a03c, pcode error at 14000e716: Unable to resolve constructor at 14000e716 (DecompileCallback)
WARN  Decompiling 14000a03c, pcode error at 14000e69f: Unable to resolve constructor at 14000e69f (DecompileCallback)
WARN  Decompiling 14000a03c, pcode error at 14000e6ea: Unable to resolve constructor at 14000e6ea (DecompileCallback)
WARN  Decompiling 14000a03c, pcode error at 14000dc58: Unable to resolve constructor at 14000dc58 (DecompileCallback)
WARN  Decompiling 14000a03c, pcode error at 14000dcc2: Unable to resolve constructor at 14000dcc2 (DecompileCallback)
WARN  Decompiling 14000a03c, pcode error at 14000dcc8: Unable to resolve constructor at 14000dcc8 (DecompileCallback)
WARN  Decompiling 14000a03c: Unable to read bytes at ram:e8606e20 (DecompileCallback)
WARN  Decompiling 14000a03c, pcode error at 140016d22: Unable to resolve constructor at 140016d22 (DecompileCallback)
WARN  Decompiling 14000a03c, pcode error at 140012b61: Unable to resolve constructor at 140012b61 (DecompileCallback)
WARN  Decompiling 14000a03c, pcode error at 140012b84: Unable to resolve constructor at 140012b84 (DecompileCallback)
WARN  Decompiling 14000a03c, pcode error at 140010109: Unable to resolve constructor at 140010109 (DecompileCallback)
WARN  Decompiling 14000a03c, pcode error at 14000edb1: Unable to resolve constructor at 14000edb1 (DecompileCallback)
WARN  Decompiling 14000e850: Unable to read bytes at ram:e8606e20 (DecompileCallback)
WARN  Decompiling 14000e850, pcode error at 140016d22: Unable to resolve constructor at 140016d22 (DecompileCallback)
WARN  Decompiling 14000e850, pcode error at 140012b61: Unable to resolve constructor at 140012b61 (DecompileCallback)
WARN  Decompiling 14000e850, pcode error at 140012b84: Unable to resolve constructor at 140012b84 (DecompileCallback)
WARN  Decompiling 14000e4b0: Unable to read bytes at ram:e8606dd4 (DecompileCallback)
WARN  Decompiling 14000e4b0, pcode error at 140016cd6: Unable to resolve constructor at 140016cd6 (DecompileCallback)
WARN  Decompiling 14000e4b0, pcode error at 140010dbb: Unable to resolve constructor at 140010dbb (DecompileCallback)
WARN  Decompiling 14000cd00, pcode error at 14000cfca: Unable to resolve constructor at 14000cfca (DecompileCallback)
WARN  Decompiling 14000e850, pcode error at 140010109: Unable to resolve constructor at 140010109 (DecompileCallback)
WARN  Decompiling 14000e850, pcode error at 14000edb1: Unable to resolve constructor at 14000edb1 (DecompileCallback)
WARN  Decompiling 14000e4b0, pcode error at 14000f992: Unable to resolve constructor at 14000f992 (DecompileCallback)
WARN  Decompiling 14000e4b0, pcode error at 14000f927: Unable to resolve constructor at 14000f927 (DecompileCallback)
WARN  Decompiling 14000e4b0, pcode error at 14000ed67: Unable to resolve constructor at 14000ed67 (DecompileCallback)
WARN  Decompiling 14000e4b0, pcode error at 14000ea25: Unable to resolve constructor at 14000ea25 (DecompileCallback)
WARN  Decompiling 14000e4b0, pcode error at 14000e9cf: Unable to resolve constructor at 14000e9cf (DecompileCallback)
WARN  Decompiling 14000e4b0, pcode error at 14000ea68: Unable to resolve constructor at 14000ea68 (DecompileCallback)
WARN  Decompiling 14000e4b0, pcode error at 14000e9fe: Unable to resolve constructor at 14000e9fe (DecompileCallback)
WARN  Decompiling 14000e4b0, pcode error at 14000e766: Unable to resolve constructor at 14000e766 (DecompileCallback)
WARN  Decompiling 14000e4b0, pcode error at 14000e756: Unable to resolve constructor at 14000e756 (DecompileCallback)
WARN  Decompiling 14000e4b0, pcode error at 14000e762: Unable to resolve constructor at 14000e762 (DecompileCallback)
WARN  Decompiling 14000e4b0: Unable to read bytes at ram:e8606e08 (DecompileCallback)
WARN  Decompiling 14000e4b0: Unable to read bytes at ram:e8606df0 (DecompileCallback)
WARN  Decompiling 14000e4b0, pcode error at 140016d12: Unable to resolve constructor at 140016d12 (DecompileCallback)
WARN  Decompiling 14000e4b0, pcode error at 140016d0a: Unable to resolve constructor at 140016d0a (DecompileCallback)
WARN  Decompiling 14000e4b0, pcode error at 140012b44: Unable to resolve constructor at 140012b44 (DecompileCallback)
WARN  Decompiling 14000e4b0, pcode error at 14000f9bd: Unable to resolve constructor at 14000f9bd (DecompileCallback)
WARN  Decompiling 14000e4b0, pcode error at 14000f6a9: Unable to resolve constructor at 14000f6a9 (DecompileCallback)
WARN  Decompiling 14000e4b0, pcode error at 14000ed5c: Unable to resolve constructor at 14000ed5c (DecompileCallback)
WARN  Decompiling 14000e4b0, pcode error at 14000ea5c: Unable to resolve constructor at 14000ea5c (DecompileCallback)
WARN  Decompiling 14000e4b0, pcode error at 14000ea3d: Unable to resolve constructor at 14000ea3d (DecompileCallback)
WARN  Decompiling 14000e4b0, pcode error at 140016d02: Unable to resolve constructor at 140016d02 (DecompileCallback)
WARN  Decompiling 14000e4b0, pcode error at 140016cf6: Unable to resolve constructor at 140016cf6 (DecompileCallback)
WARN  Decompiling 14000e4b0, pcode error at 140010dee: Unable to resolve constructor at 140010dee (DecompileCallback)
WARN  Decompiling 14000e4b0, pcode error at 1400101a2: Unable to resolve constructor at 1400101a2 (DecompileCallback)
WARN  Decompiling 14000e4b0, pcode error at 14000ed3e: Unable to resolve constructor at 14000ed3e (DecompileCallback)
WARN  Decompiling 14000e4b0, pcode error at 14000ea45: Unable to resolve constructor at 14000ea45 (DecompileCallback)
WARN  Decompiling 14000e4b0: Unable to read bytes at ram:e400e72d (DecompileCallback)
WARN  Decompiling 14000e4b0: Unable to read bytes at ram:e8606dd4 (DecompileCallback)
WARN  Decompiling 14000e4b0, pcode error at 140016cd6: Unable to resolve constructor at 140016cd6 (DecompileCallback)
WARN  Decompiling 14000e4b0, pcode error at 140010dbb: Unable to resolve constructor at 140010dbb (DecompileCallback)
WARN  Decompiling 14000e4b0, pcode error at 14000f992: Unable to resolve constructor at 14000f992 (DecompileCallback)
WARN  Decompiling 14000e4b0, pcode error at 14000f927: Unable to resolve constructor at 14000f927 (DecompileCallback)
WARN  Decompiling 14000e4b0, pcode error at 14000ed67: Unable to resolve constructor at 14000ed67 (DecompileCallback)
WARN  Decompiling 14000e4b0, pcode error at 14000ea25: Unable to resolve constructor at 14000ea25 (DecompileCallback)
WARN  Decompiling 14000e4b0, pcode error at 14000e9cf: Unable to resolve constructor at 14000e9cf (DecompileCallback)
WARN  Decompiling 14000e4b0, pcode error at 14000ea68: Unable to resolve constructor at 14000ea68 (DecompileCallback)
WARN  Decompiling 14000e4b0, pcode error at 14000e9fe: Unable to resolve constructor at 14000e9fe (DecompileCallback)
WARN  Decompiling 14000e4b0, pcode error at 14000e766: Unable to resolve constructor at 14000e766 (DecompileCallback)
WARN  Decompiling 14000e4b0, pcode error at 14000e756: Unable to resolve constructor at 14000e756 (DecompileCallback)
WARN  Decompiling 14000e4b0, pcode error at 14000e762: Unable to resolve constructor at 14000e762 (DecompileCallback)
WARN  Decompiling 14000e4b0: Unable to read bytes at ram:e8606e08 (DecompileCallback)
WARN  Decompiling 14000e4b0: Unable to read bytes at ram:e8606df0 (DecompileCallback)
WARN  Decompiling 14000e4b0, pcode error at 140016d12: Unable to resolve constructor at 140016d12 (DecompileCallback)
WARN  Decompiling 14000e4b0, pcode error at 140016d0a: Unable to resolve constructor at 140016d0a (DecompileCallback)
WARN  Decompiling 14000e4b0, pcode error at 140012b44: Unable to resolve constructor at 140012b44 (DecompileCallback)
WARN  Decompiling 14000e4b0, pcode error at 14000f9bd: Unable to resolve constructor at 14000f9bd (DecompileCallback)
WARN  Decompiling 14000e4b0, pcode error at 14000f6a9: Unable to resolve constructor at 14000f6a9 (DecompileCallback)
WARN  Decompiling 14000e4b0, pcode error at 14000ed5c: Unable to resolve constructor at 14000ed5c (DecompileCallback)
WARN  Decompiling 14000e4b0, pcode error at 14000ea5c: Unable to resolve constructor at 14000ea5c (DecompileCallback)
WARN  Decompiling 14000e4b0, pcode error at 14000ea3d: Unable to resolve constructor at 14000ea3d (DecompileCallback)
WARN  Decompiling 14000e4b0, pcode error at 140016d02: Unable to resolve constructor at 140016d02 (DecompileCallback)
WARN  Decompiling 14000e4b0, pcode error at 140016cf6: Unable to resolve constructor at 140016cf6 (DecompileCallback)
WARN  Decompiling 14000e4b0, pcode error at 140010dee: Unable to resolve constructor at 140010dee (DecompileCallback)
WARN  Decompiling 14000e4b0, pcode error at 1400101a2: Unable to resolve constructor at 1400101a2 (DecompileCallback)
WARN  Decompiling 14000e4b0, pcode error at 14000ed3e: Unable to resolve constructor at 14000ed3e (DecompileCallback)
WARN  Decompiling 14000e4b0, pcode error at 14000ea45: Unable to resolve constructor at 14000ea45 (DecompileCallback)
WARN  Decompiling 14000e4b0: Unable to read bytes at ram:e400e72d (DecompileCallback)
WARN  Decompiling 14000e4b0: Unable to read bytes at ram:e8606e20 (DecompileCallback)
WARN  Decompiling 14000e4b0, pcode error at 140016d22: Unable to resolve constructor at 140016d22 (DecompileCallback)
WARN  Decompiling 14000e4b0, pcode error at 140012b61: Unable to resolve constructor at 140012b61 (DecompileCallback)
WARN  Decompiling 14000e4b0, pcode error at 140012b84: Unable to resolve constructor at 140012b84 (DecompileCallback)
WARN  Decompiling 14000e4b0, pcode error at 140010109: Unable to resolve constructor at 140010109 (DecompileCallback)
WARN  Decompiling 14000e4b0, pcode error at 14000edb1: Unable to resolve constructor at 14000edb1 (DecompileCallback)
WARN  Decompiling 14000d4a0: Unable to read bytes at ram:e8606d30 (DecompileCallback)
WARN  Decompiling 14000d4a0, pcode error at 140016c30: Unable to resolve constructor at 140016c30 (DecompileCallback)
WARN  Decompiling 14000d4a0, pcode error at 14000f614: Unable to resolve constructor at 14000f614 (DecompileCallback)
WARN  Decompiling 14000d4a0, pcode error at 14000e6d7: Unable to resolve constructor at 14000e6d7 (DecompileCallback)
WARN  Decompiling 14000d4a0, pcode error at 14000e6bf: Unable to resolve constructor at 14000e6bf (DecompileCallback)
WARN  Decompiling 14000d4a0, pcode error at 14000e62a: Unable to resolve constructor at 14000e62a (DecompileCallback)
WARN  Decompiling 14000d4a0, pcode error at 14000dc58: Unable to resolve constructor at 14000dc58 (DecompileCallback)
WARN  Decompiling 14000d4a0: Unable to read bytes at ram:e8606e5c (DecompileCallback)
WARN  Decompiling 14000d4a0: Unable to read bytes at ram:e8606da0 (DecompileCallback)
WARN  Decompiling 14000d4a0: Unable to read bytes at ram:e8606d4c (DecompileCallback)
WARN  Decompiling 14000d4a0, pcode error at 000000ff: Could not follow disassembly flow into non-existing memory at 000000ff (DecompileCallback)
WARN  Decompiling 14000d4a0, pcode error at 000000fe: Could not follow disassembly flow into non-existing memory at 000000fe (DecompileCallback)
WARN  Decompiling 14000d4a0, pcode error at 000000fd: Could not follow disassembly flow into non-existing memory at 000000fd (DecompileCallback)
WARN  Decompiling 14000d4a0, pcode error at 000000fc: Could not follow disassembly flow into non-existing memory at 000000fc (DecompileCallback)
WARN  Decompiling 14000d4a0, pcode error at 000000fb: Could not follow disassembly flow into non-existing memory at 000000fb (DecompileCallback)
WARN  Decompiling 14000d4a0, pcode error at 000000fa: Could not follow disassembly flow into non-existing memory at 000000fa (DecompileCallback)
WARN  Decompiling 14000d4a0, pcode error at 000000f9: Could not follow disassembly flow into non-existing memory at 000000f9 (DecompileCallback)
WARN  Decompiling 14000d4a0, pcode error at 000000f8: Could not follow disassembly flow into non-existing memory at 000000f8 (DecompileCallback)
WARN  Decompiling 14000d4a0, pcode error at 000000f7: Could not follow disassembly flow into non-existing memory at 000000f7 (DecompileCallback)
WARN  Decompiling 14000d4a0, pcode error at 000000f6: Could not follow disassembly flow into non-existing memory at 000000f6 (DecompileCallback)
WARN  Decompiling 14000d4a0, pcode error at 000000f5: Could not follow disassembly flow into non-existing memory at 000000f5 (DecompileCallback)
WARN  Decompiling 14000d4a0, pcode error at 000000f4: Could not follow disassembly flow into non-existing memory at 000000f4 (DecompileCallback)
WARN  Decompiling 14000d4a0, pcode error at 000000f3: Could not follow disassembly flow into non-existing memory at 000000f3 (DecompileCallback)
WARN  Decompiling 14000d4a0, pcode error at 000000f2: Could not follow disassembly flow into non-existing memory at 000000f2 (DecompileCallback)
WARN  Decompiling 14000d4a0, pcode error at 000000f1: Could not follow disassembly flow into non-existing memory at 000000f1 (DecompileCallback)
WARN  Decompiling 14000d4a0, pcode error at 000000f0: Could not follow disassembly flow into non-existing memory at 000000f0 (DecompileCallback)
WARN  Decompiling 14000d4a0, pcode error at 000000ef: Could not follow disassembly flow into non-existing memory at 000000ef (DecompileCallback)
WARN  Decompiling 14000d4a0, pcode error at 000000ee: Could not follow disassembly flow into non-existing memory at 000000ee (DecompileCallback)
WARN  Decompiling 14000d4a0, pcode error at 000000ed: Could not follow disassembly flow into non-existing memory at 000000ed (DecompileCallback)
WARN  Decompiling 14000d4a0, pcode error at 000000ec: Could not follow disassembly flow into non-existing memory at 000000ec (DecompileCallback)
WARN  Decompiling 14000d4a0, pcode error at 000000eb: Could not follow disassembly flow into non-existing memory at 000000eb (DecompileCallback)
WARN  Decompiling 14000d4a0, pcode error at 000000ea: Could not follow disassembly flow into non-existing memory at 000000ea (DecompileCallback)
WARN  Decompiling 14000d4a0, pcode error at 000000e9: Could not follow disassembly flow into non-existing memory at 000000e9 (DecompileCallback)
WARN  Decompiling 14000d4a0, pcode error at 000000e8: Could not follow disassembly flow into non-existing memory at 000000e8 (DecompileCallback)
WARN  Decompiling 14000d4a0, pcode error at 000000e7: Could not follow disassembly flow into non-existing memory at 000000e7 (DecompileCallback)
WARN  Decompiling 14000d4a0, pcode error at 000000e6: Could not follow disassembly flow into non-existing memory at 000000e6 (DecompileCallback)
WARN  Decompiling 14000d4a0, pcode error at 000000e5: Could not follow disassembly flow into non-existing memory at 000000e5 (DecompileCallback)
WARN  Decompiling 14000d4a0, pcode error at 000000e4: Could not follow disassembly flow into non-existing memory at 000000e4 (DecompileCallback)
WARN  Decompiling 14000d4a0, pcode error at 000000e3: Could not follow disassembly flow into non-existing memory at 000000e3 (DecompileCallback)
WARN  Decompiling 14000d4a0, pcode error at 000000e2: Could not follow disassembly flow into non-existing memory at 000000e2 (DecompileCallback)
WARN  Decompiling 14000d4a0, pcode error at 000000e1: Could not follow disassembly flow into non-existing memory at 000000e1 (DecompileCallback)
WARN  Decompiling 14000d4a0, pcode error at 000000e0: Could not follow disassembly flow into non-existing memory at 000000e0 (DecompileCallback)
WARN  Decompiling 14000d4a0, pcode error at 000000df: Could not follow disassembly flow into non-existing memory at 000000df (DecompileCallback)
WARN  Decompiling 14000d4a0, pcode error at 000000de: Could not follow disassembly flow into non-existing memory at 000000de (DecompileCallback)
WARN  Decompiling 14000d4a0, pcode error at 000000dd: Could not follow disassembly flow into non-existing memory at 000000dd (DecompileCallback)
WARN  Decompiling 14000d4a0, pcode error at 000000dc: Could not follow disassembly flow into non-existing memory at 000000dc (DecompileCallback)
WARN  Decompiling 14000d4a0, pcode error at 000000db: Could not follow disassembly flow into non-existing memory at 000000db (DecompileCallback)
WARN  Decompiling 14000d4a0, pcode error at 000000da: Could not follow disassembly flow into non-existing memory at 000000da (DecompileCallback)
WARN  Decompiling 14000d4a0, pcode error at 000000d9: Could not follow disassembly flow into non-existing memory at 000000d9 (DecompileCallback)
WARN  Decompiling 14000d4a0, pcode error at 000000d8: Could not follow disassembly flow into non-existing memory at 000000d8 (DecompileCallback)
WARN  Decompiling 14000d4a0, pcode error at 000000d7: Could not follow disassembly flow into non-existing memory at 000000d7 (DecompileCallback)
WARN  Decompiling 14000d4a0, pcode error at 000000d6: Could not follow disassembly flow into non-existing memory at 000000d6 (DecompileCallback)
WARN  Decompiling 14000d4a0, pcode error at 000000d5: Could not follow disassembly flow into non-existing memory at 000000d5 (DecompileCallback)
WARN  Decompiling 14000d4a0, pcode error at 000000d4: Could not follow disassembly flow into non-existing memory at 000000d4 (DecompileCallback)
WARN  Decompiling 14000d4a0, pcode error at 000000d3: Could not follow disassembly flow into non-existing memory at 000000d3 (DecompileCallback)
WARN  Decompiling 14000d4a0, pcode error at 000000d2: Could not follow disassembly flow into non-existing memory at 000000d2 (DecompileCallback)
WARN  Decompiling 14000d4a0, pcode error at 000000d1: Could not follow disassembly flow into non-existing memory at 000000d1 (DecompileCallback)
WARN  Decompiling 14000d4a0, pcode error at 000000d0: Could not follow disassembly flow into non-existing memory at 000000d0 (DecompileCallback)
WARN  Decompiling 14000d4a0, pcode error at 000000cf: Could not follow disassembly flow into non-existing memory at 000000cf (DecompileCallback)
WARN  Decompiling 14000d4a0, pcode error at 000000ce: Could not follow disassembly flow into non-existing memory at 000000ce (DecompileCallback)
WARN  Decompiling 14000d4a0, pcode error at 000000cd: Could not follow disassembly flow into non-existing memory at 000000cd (DecompileCallback)
WARN  Decompiling 14000d4a0, pcode error at 000000cc: Could not follow disassembly flow into non-existing memory at 000000cc (DecompileCallback)
WARN  Decompiling 14000d4a0, pcode error at 000000cb: Could not follow disassembly flow into non-existing memory at 000000cb (DecompileCallback)
WARN  Decompiling 14000d4a0, pcode error at 000000ca: Could not follow disassembly flow into non-existing memory at 000000ca (DecompileCallback)
WARN  Decompiling 14000d4a0, pcode error at 000000c9: Could not follow disassembly flow into non-existing memory at 000000c9 (DecompileCallback)
WARN  Decompiling 14000d4a0, pcode error at 000000c8: Could not follow disassembly flow into non-existing memory at 000000c8 (DecompileCallback)
WARN  Decompiling 14000d4a0, pcode error at 000000c7: Could not follow disassembly flow into non-existing memory at 000000c7 (DecompileCallback)
WARN  Decompiling 14000d4a0, pcode error at 000000c6: Could not follow disassembly flow into non-existing memory at 000000c6 (DecompileCallback)
WARN  Decompiling 14000d4a0, pcode error at 000000c5: Could not follow disassembly flow into non-existing memory at 000000c5 (DecompileCallback)
WARN  Decompiling 14000d4a0, pcode error at 000000c4: Could not follow disassembly flow into non-existing memory at 000000c4 (DecompileCallback)
WARN  Decompiling 14000d4a0, pcode error at 000000c3: Could not follow disassembly flow into non-existing memory at 000000c3 (DecompileCallback)
WARN  Decompiling 14000d4a0, pcode error at 000000c2: Could not follow disassembly flow into non-existing memory at 000000c2 (DecompileCallback)
WARN  Decompiling 14000d4a0, pcode error at 000000c1: Could not follow disassembly flow into non-existing memory at 000000c1 (DecompileCallback)
WARN  Decompiling 14000d4a0, pcode error at 000000c0: Could not follow disassembly flow into non-existing memory at 000000c0 (DecompileCallback)
WARN  Decompiling 14000d4a0, pcode error at 000000bf: Could not follow disassembly flow into non-existing memory at 000000bf (DecompileCallback)
WARN  Decompiling 14000d4a0, pcode error at 000000be: Could not follow disassembly flow into non-existing memory at 000000be (DecompileCallback)
WARN  Decompiling 14000d4a0, pcode error at 000000bd: Could not follow disassembly flow into non-existing memory at 000000bd (DecompileCallback)
WARN  Decompiling 14000d4a0, pcode error at 000000bc: Could not follow disassembly flow into non-existing memory at 000000bc (DecompileCallback)
WARN  Decompiling 14000d4a0, pcode error at 000000bb: Could not follow disassembly flow into non-existing memory at 000000bb (DecompileCallback)
WARN  Decompiling 14000d4a0, pcode error at 000000ba: Could not follow disassembly flow into non-existing memory at 000000ba (DecompileCallback)
WARN  Decompiling 14000d4a0, pcode error at 000000b9: Could not follow disassembly flow into non-existing memory at 000000b9 (DecompileCallback)
WARN  Decompiling 14000d4a0, pcode error at 000000b8: Could not follow disassembly flow into non-existing memory at 000000b8 (DecompileCallback)
WARN  Decompiling 14000d4a0, pcode error at 000000b7: Could not follow disassembly flow into non-existing memory at 000000b7 (DecompileCallback)
WARN  Decompiling 14000d4a0, pcode error at 000000b6: Could not follow disassembly flow into non-existing memory at 000000b6 (DecompileCallback)
WARN  Decompiling 14000d4a0, pcode error at 000000b5: Could not follow disassembly flow into non-existing memory at 000000b5 (DecompileCallback)
WARN  Decompiling 14000d4a0, pcode error at 000000b4: Could not follow disassembly flow into non-existing memory at 000000b4 (DecompileCallback)
WARN  Decompiling 14000d4a0, pcode error at 000000b3: Could not follow disassembly flow into non-existing memory at 000000b3 (DecompileCallback)
WARN  Decompiling 14000d4a0, pcode error at 000000b2: Could not follow disassembly flow into non-existing memory at 000000b2 (DecompileCallback)
WARN  Decompiling 14000d4a0, pcode error at 000000b1: Could not follow disassembly flow into non-existing memory at 000000b1 (DecompileCallback)
WARN  Decompiling 14000d4a0, pcode error at 000000b0: Could not follow disassembly flow into non-existing memory at 000000b0 (DecompileCallback)
WARN  Decompiling 14000d4a0, pcode error at 000000af: Could not follow disassembly flow into non-existing memory at 000000af (DecompileCallback)
WARN  Decompiling 14000d4a0, pcode error at 000000ae: Could not follow disassembly flow into non-existing memory at 000000ae (DecompileCallback)
WARN  Decompiling 14000d4a0, pcode error at 000000ad: Could not follow disassembly flow into non-existing memory at 000000ad (DecompileCallback)
WARN  Decompiling 14000d4a0, pcode error at 000000ac: Could not follow disassembly flow into non-existing memory at 000000ac (DecompileCallback)
WARN  Decompiling 14000d4a0, pcode error at 000000ab: Could not follow disassembly flow into non-existing memory at 000000ab (DecompileCallback)
WARN  Decompiling 14000d4a0, pcode error at 000000aa: Could not follow disassembly flow into non-existing memory at 000000aa (DecompileCallback)
WARN  Decompiling 14000d4a0, pcode error at 000000a9: Could not follow disassembly flow into non-existing memory at 000000a9 (DecompileCallback)
WARN  Decompiling 14000d4a0, pcode error at 000000a8: Could not follow disassembly flow into non-existing memory at 000000a8 (DecompileCallback)
WARN  Decompiling 14000d4a0, pcode error at 000000a7: Could not follow disassembly flow into non-existing memory at 000000a7 (DecompileCallback)
WARN  Decompiling 14000d4a0, pcode error at 000000a6: Could not follow disassembly flow into non-existing memory at 000000a6 (DecompileCallback)
WARN  Decompiling 14000d4a0, pcode error at 000000a5: Could not follow disassembly flow into non-existing memory at 000000a5 (DecompileCallback)
WARN  Decompiling 14000d4a0, pcode error at 000000a4: Could not follow disassembly flow into non-existing memory at 000000a4 (DecompileCallback)
WARN  Decompiling 14000d4a0, pcode error at 000000a3: Could not follow disassembly flow into non-existing memory at 000000a3 (DecompileCallback)
WARN  Decompiling 14000d4a0, pcode error at 000000a2: Could not follow disassembly flow into non-existing memory at 000000a2 (DecompileCallback)
WARN  Decompiling 14000d4a0, pcode error at 000000a1: Could not follow disassembly flow into non-existing memory at 000000a1 (DecompileCallback)
WARN  Decompiling 14000d4a0, pcode error at 000000a0: Could not follow disassembly flow into non-existing memory at 000000a0 (DecompileCallback)
WARN  Decompiling 14000d4a0, pcode error at 0000009f: Could not follow disassembly flow into non-existing memory at 0000009f (DecompileCallback)
WARN  Decompiling 14000d4a0, pcode error at 0000009e: Could not follow disassembly flow into non-existing memory at 0000009e (DecompileCallback)
WARN  Decompiling 14000d4a0, pcode error at 0000009d: Could not follow disassembly flow into non-existing memory at 0000009d (DecompileCallback)
WARN  Decompiling 14000d4a0, pcode error at 0000009c: Could not follow disassembly flow into non-existing memory at 0000009c (DecompileCallback)
WARN  Decompiling 14000d4a0, pcode error at 0000009b: Could not follow disassembly flow into non-existing memory at 0000009b (DecompileCallback)
WARN  Decompiling 14000d4a0, pcode error at 0000009a: Could not follow disassembly flow into non-existing memory at 0000009a (DecompileCallback)
WARN  Decompiling 14000d4a0, pcode error at 00000099: Could not follow disassembly flow into non-existing memory at 00000099 (DecompileCallback)
WARN  Decompiling 14000d4a0, pcode error at 00000098: Could not follow disassembly flow into non-existing memory at 00000098 (DecompileCallback)
WARN  Decompiling 14000d4a0, pcode error at 00000097: Could not follow disassembly flow into non-existing memory at 00000097 (DecompileCallback)
WARN  Decompiling 14000d4a0, pcode error at 00000096: Could not follow disassembly flow into non-existing memory at 00000096 (DecompileCallback)
WARN  Decompiling 14000d4a0, pcode error at 00000095: Could not follow disassembly flow into non-existing memory at 00000095 (DecompileCallback)
WARN  Decompiling 14000d4a0, pcode error at 00000094: Could not follow disassembly flow into non-existing memory at 00000094 (DecompileCallback)
WARN  Decompiling 14000d4a0, pcode error at 00000093: Could not follow disassembly flow into non-existing memory at 00000093 (DecompileCallback)
WARN  Decompiling 14000d4a0, pcode error at 00000092: Could not follow disassembly flow into non-existing memory at 00000092 (DecompileCallback)
WARN  Decompiling 14000d4a0, pcode error at 00000091: Could not follow disassembly flow into non-existing memory at 00000091 (DecompileCallback)
WARN  Decompiling 14000d4a0, pcode error at 00000090: Could not follow disassembly flow into non-existing memory at 00000090 (DecompileCallback)
WARN  Decompiling 14000d4a0, pcode error at 0000008f: Could not follow disassembly flow into non-existing memory at 0000008f (DecompileCallback)
WARN  Decompiling 14000d4a0, pcode error at 0000008e: Could not follow disassembly flow into non-existing memory at 0000008e (DecompileCallback)
WARN  Decompiling 14000d4a0, pcode error at 0000008d: Could not follow disassembly flow into non-existing memory at 0000008d (DecompileCallback)
WARN  Decompiling 14000d4a0, pcode error at 0000008c: Could not follow disassembly flow into non-existing memory at 0000008c (DecompileCallback)
WARN  Decompiling 14000d4a0, pcode error at 0000008b: Could not follow disassembly flow into non-existing memory at 0000008b (DecompileCallback)
WARN  Decompiling 14000d4a0, pcode error at 0000008a: Could not follow disassembly flow into non-existing memory at 0000008a (DecompileCallback)
WARN  Decompiling 14000d4a0, pcode error at 00000089: Could not follow disassembly flow into non-existing memory at 00000089 (DecompileCallback)
WARN  Decompiling 14000d4a0, pcode error at 00000088: Could not follow disassembly flow into non-existing memory at 00000088 (DecompileCallback)
WARN  Decompiling 14000d4a0, pcode error at 00000087: Could not follow disassembly flow into non-existing memory at 00000087 (DecompileCallback)
WARN  Decompiling 14000d4a0, pcode error at 00000086: Could not follow disassembly flow into non-existing memory at 00000086 (DecompileCallback)
WARN  Decompiling 14000d4a0, pcode error at 00000085: Could not follow disassembly flow into non-existing memory at 00000085 (DecompileCallback)
WARN  Decompiling 14000d4a0, pcode error at 00000084: Could not follow disassembly flow into non-existing memory at 00000084 (DecompileCallback)
WARN  Decompiling 14000d4a0, pcode error at 00000083: Could not follow disassembly flow into non-existing memory at 00000083 (DecompileCallback)
WARN  Decompiling 14000d4a0, pcode error at 00000082: Could not follow disassembly flow into non-existing memory at 00000082 (DecompileCallback)
WARN  Decompiling 14000d4a0, pcode error at 00000081: Could not follow disassembly flow into non-existing memory at 00000081 (DecompileCallback)
WARN  Decompiling 14000d4a0, pcode error at 00000080: Could not follow disassembly flow into non-existing memory at 00000080 (DecompileCallback)
WARN  Decompiling 14000d4a0, pcode error at 0000007f: Could not follow disassembly flow into non-existing memory at 0000007f (DecompileCallback)
WARN  Decompiling 14000d4a0, pcode error at 0000007e: Could not follow disassembly flow into non-existing memory at 0000007e (DecompileCallback)
WARN  Decompiling 14000d4a0, pcode error at 0000007d: Could not follow disassembly flow into non-existing memory at 0000007d (DecompileCallback)
WARN  Decompiling 14000d4a0, pcode error at 0000007c: Could not follow disassembly flow into non-existing memory at 0000007c (DecompileCallback)
WARN  Decompiling 14000d4a0, pcode error at 0000007b: Could not follow disassembly flow into non-existing memory at 0000007b (DecompileCallback)
WARN  Decompiling 14000d4a0, pcode error at 0000007a: Could not follow disassembly flow into non-existing memory at 0000007a (DecompileCallback)
WARN  Decompiling 14000d4a0, pcode error at 00000079: Could not follow disassembly flow into non-existing memory at 00000079 (DecompileCallback)
WARN  Decompiling 14000d4a0, pcode error at 00000078: Could not follow disassembly flow into non-existing memory at 00000078 (DecompileCallback)
WARN  Decompiling 14000d4a0, pcode error at 00000077: Could not follow disassembly flow into non-existing memory at 00000077 (DecompileCallback)
WARN  Decompiling 14000d4a0, pcode error at 00000076: Could not follow disassembly flow into non-existing memory at 00000076 (DecompileCallback)
WARN  Decompiling 14000d4a0, pcode error at 00000075: Could not follow disassembly flow into non-existing memory at 00000075 (DecompileCallback)
WARN  Decompiling 14000d4a0, pcode error at 00000074: Could not follow disassembly flow into non-existing memory at 00000074 (DecompileCallback)
WARN  Decompiling 14000d4a0, pcode error at 00000073: Could not follow disassembly flow into non-existing memory at 00000073 (DecompileCallback)
WARN  Decompiling 14000d4a0, pcode error at 00000072: Could not follow disassembly flow into non-existing memory at 00000072 (DecompileCallback)
WARN  Decompiling 14000d4a0, pcode error at 00000071: Could not follow disassembly flow into non-existing memory at 00000071 (DecompileCallback)
WARN  Decompiling 14000d4a0, pcode error at 00000070: Could not follow disassembly flow into non-existing memory at 00000070 (DecompileCallback)
WARN  Decompiling 14000d4a0, pcode error at 0000006f: Could not follow disassembly flow into non-existing memory at 0000006f (DecompileCallback)
WARN  Decompiling 14000d4a0, pcode error at 0000006e: Could not follow disassembly flow into non-existing memory at 0000006e (DecompileCallback)
WARN  Decompiling 14000d4a0, pcode error at 0000006d: Could not follow disassembly flow into non-existing memory at 0000006d (DecompileCallback)
WARN  Decompiling 14000d4a0, pcode error at 0000006c: Could not follow disassembly flow into non-existing memory at 0000006c (DecompileCallback)
WARN  Decompiling 14000d4a0, pcode error at 0000006b: Could not follow disassembly flow into non-existing memory at 0000006b (DecompileCallback)
WARN  Decompiling 14000d4a0, pcode error at 0000006a: Could not follow disassembly flow into non-existing memory at 0000006a (DecompileCallback)
WARN  Decompiling 14000d4a0, pcode error at 00000069: Could not follow disassembly flow into non-existing memory at 00000069 (DecompileCallback)
WARN  Decompiling 14000d4a0, pcode error at 00000068: Could not follow disassembly flow into non-existing memory at 00000068 (DecompileCallback)
WARN  Decompiling 14000d4a0, pcode error at 00000067: Could not follow disassembly flow into non-existing memory at 00000067 (DecompileCallback)
WARN  Decompiling 14000d4a0, pcode error at 00000066: Could not follow disassembly flow into non-existing memory at 00000066 (DecompileCallback)
WARN  Decompiling 14000d4a0, pcode error at 00000065: Could not follow disassembly flow into non-existing memory at 00000065 (DecompileCallback)
WARN  Decompiling 14000d4a0, pcode error at 00000064: Could not follow disassembly flow into non-existing memory at 00000064 (DecompileCallback)
WARN  Decompiling 14000d4a0, pcode error at 00000063: Could not follow disassembly flow into non-existing memory at 00000063 (DecompileCallback)
WARN  Decompiling 14000d4a0, pcode error at 00000062: Could not follow disassembly flow into non-existing memory at 00000062 (DecompileCallback)
WARN  Decompiling 14000d4a0, pcode error at 00000061: Could not follow disassembly flow into non-existing memory at 00000061 (DecompileCallback)
WARN  Decompiling 14000d4a0, pcode error at 00000060: Could not follow disassembly flow into non-existing memory at 00000060 (DecompileCallback)
WARN  Decompiling 14000d4a0, pcode error at 0000005f: Could not follow disassembly flow into non-existing memory at 0000005f (DecompileCallback)
WARN  Decompiling 14000d4a0, pcode error at 0000005e: Could not follow disassembly flow into non-existing memory at 0000005e (DecompileCallback)
WARN  Decompiling 14000d4a0, pcode error at 0000005d: Could not follow disassembly flow into non-existing memory at 0000005d (DecompileCallback)
WARN  Decompiling 14000d4a0, pcode error at 0000005c: Could not follow disassembly flow into non-existing memory at 0000005c (DecompileCallback)
WARN  Decompiling 14000d4a0, pcode error at 0000005b: Could not follow disassembly flow into non-existing memory at 0000005b (DecompileCallback)
WARN  Decompiling 14000d4a0, pcode error at 0000005a: Could not follow disassembly flow into non-existing memory at 0000005a (DecompileCallback)
WARN  Decompiling 14000d4a0, pcode error at 00000059: Could not follow disassembly flow into non-existing memory at 00000059 (DecompileCallback)
WARN  Decompiling 14000d4a0, pcode error at 00000058: Could not follow disassembly flow into non-existing memory at 00000058 (DecompileCallback)
WARN  Decompiling 14000d4a0, pcode error at 00000057: Could not follow disassembly flow into non-existing memory at 00000057 (DecompileCallback)
WARN  Decompiling 14000d4a0, pcode error at 00000056: Could not follow disassembly flow into non-existing memory at 00000056 (DecompileCallback)
WARN  Decompiling 14000d4a0, pcode error at 00000055: Could not follow disassembly flow into non-existing memory at 00000055 (DecompileCallback)
WARN  Decompiling 14000d4a0, pcode error at 00000054: Could not follow disassembly flow into non-existing memory at 00000054 (DecompileCallback)
WARN  Decompiling 14000d4a0, pcode error at 00000053: Could not follow disassembly flow into non-existing memory at 00000053 (DecompileCallback)
WARN  Decompiling 14000d4a0, pcode error at 00000052: Could not follow disassembly flow into non-existing memory at 00000052 (DecompileCallback)
WARN  Decompiling 14000d4a0, pcode error at 00000051: Could not follow disassembly flow into non-existing memory at 00000051 (DecompileCallback)
WARN  Decompiling 14000d4a0, pcode error at 00000050: Could not follow disassembly flow into non-existing memory at 00000050 (DecompileCallback)
WARN  Decompiling 14000d4a0, pcode error at 0000004f: Could not follow disassembly flow into non-existing memory at 0000004f (DecompileCallback)
WARN  Decompiling 14000d4a0, pcode error at 0000004e: Could not follow disassembly flow into non-existing memory at 0000004e (DecompileCallback)
WARN  Decompiling 14000d4a0, pcode error at 0000004d: Could not follow disassembly flow into non-existing memory at 0000004d (DecompileCallback)
WARN  Decompiling 14000d4a0, pcode error at 0000004c: Could not follow disassembly flow into non-existing memory at 0000004c (DecompileCallback)
WARN  Decompiling 14000d4a0, pcode error at 0000004b: Could not follow disassembly flow into non-existing memory at 0000004b (DecompileCallback)
WARN  Decompiling 14000d4a0, pcode error at 0000004a: Could not follow disassembly flow into non-existing memory at 0000004a (DecompileCallback)
WARN  Decompiling 14000d4a0, pcode error at 00000049: Could not follow disassembly flow into non-existing memory at 00000049 (DecompileCallback)
WARN  Decompiling 14000d4a0, pcode error at 00000048: Could not follow disassembly flow into non-existing memory at 00000048 (DecompileCallback)
WARN  Decompiling 14000d4a0, pcode error at 00000047: Could not follow disassembly flow into non-existing memory at 00000047 (DecompileCallback)
WARN  Decompiling 14000d4a0, pcode error at 00000046: Could not follow disassembly flow into non-existing memory at 00000046 (DecompileCallback)
WARN  Decompiling 14000d4a0, pcode error at 00000045: Could not follow disassembly flow into non-existing memory at 00000045 (DecompileCallback)
WARN  Decompiling 14000d4a0, pcode error at 00000044: Could not follow disassembly flow into non-existing memory at 00000044 (DecompileCallback)
WARN  Decompiling 14000d4a0, pcode error at 00000043: Could not follow disassembly flow into non-existing memory at 00000043 (DecompileCallback)
WARN  Decompiling 14000d4a0, pcode error at 00000042: Could not follow disassembly flow into non-existing memory at 00000042 (DecompileCallback)
WARN  Decompiling 14000d4a0, pcode error at 00000041: Could not follow disassembly flow into non-existing memory at 00000041 (DecompileCallback)
WARN  Decompiling 14000d4a0, pcode error at 00000040: Could not follow disassembly flow into non-existing memory at 00000040 (DecompileCallback)
WARN  Decompiling 14000d4a0, pcode error at 0000003f: Could not follow disassembly flow into non-existing memory at 0000003f (DecompileCallback)
WARN  Decompiling 14000d4a0, pcode error at 0000003e: Could not follow disassembly flow into non-existing memory at 0000003e (DecompileCallback)
WARN  Decompiling 14000d4a0, pcode error at 0000003d: Could not follow disassembly flow into non-existing memory at 0000003d (DecompileCallback)
WARN  Decompiling 14000d4a0, pcode error at 0000003c: Could not follow disassembly flow into non-existing memory at 0000003c (DecompileCallback)
WARN  Decompiling 14000d4a0, pcode error at 0000003b: Could not follow disassembly flow into non-existing memory at 0000003b (DecompileCallback)
WARN  Decompiling 14000d4a0, pcode error at 0000003a: Could not follow disassembly flow into non-existing memory at 0000003a (DecompileCallback)
WARN  Decompiling 14000d4a0, pcode error at 00000039: Could not follow disassembly flow into non-existing memory at 00000039 (DecompileCallback)
WARN  Decompiling 14000d4a0, pcode error at 00000038: Could not follow disassembly flow into non-existing memory at 00000038 (DecompileCallback)
WARN  Decompiling 14000d4a0, pcode error at 00000037: Could not follow disassembly flow into non-existing memory at 00000037 (DecompileCallback)
WARN  Decompiling 14000d4a0, pcode error at 00000036: Could not follow disassembly flow into non-existing memory at 00000036 (DecompileCallback)
WARN  Decompiling 14000d4a0, pcode error at 00000035: Could not follow disassembly flow into non-existing memory at 00000035 (DecompileCallback)
WARN  Decompiling 14000d4a0, pcode error at 00000034: Could not follow disassembly flow into non-existing memory at 00000034 (DecompileCallback)
WARN  Decompiling 14000d4a0, pcode error at 00000033: Could not follow disassembly flow into non-existing memory at 00000033 (DecompileCallback)
WARN  Decompiling 14000d4a0, pcode error at 00000032: Could not follow disassembly flow into non-existing memory at 00000032 (DecompileCallback)
WARN  Decompiling 14000d4a0, pcode error at 00000031: Could not follow disassembly flow into non-existing memory at 00000031 (DecompileCallback)
WARN  Decompiling 14000d4a0, pcode error at 00000030: Could not follow disassembly flow into non-existing memory at 00000030 (DecompileCallback)
WARN  Decompiling 14000d4a0, pcode error at 0000002f: Could not follow disassembly flow into non-existing memory at 0000002f (DecompileCallback)
WARN  Decompiling 14000d4a0, pcode error at 0000002e: Could not follow disassembly flow into non-existing memory at 0000002e (DecompileCallback)
WARN  Decompiling 14000d4a0, pcode error at 0000002d: Could not follow disassembly flow into non-existing memory at 0000002d (DecompileCallback)
WARN  Decompiling 14000d4a0, pcode error at 0000002c: Could not follow disassembly flow into non-existing memory at 0000002c (DecompileCallback)
WARN  Decompiling 14000d4a0, pcode error at 0000002b: Could not follow disassembly flow into non-existing memory at 0000002b (DecompileCallback)
WARN  Decompiling 14000d4a0, pcode error at 0000002a: Could not follow disassembly flow into non-existing memory at 0000002a (DecompileCallback)
WARN  Decompiling 14000d4a0, pcode error at 00000029: Could not follow disassembly flow into non-existing memory at 00000029 (DecompileCallback)
WARN  Decompiling 14000d4a0, pcode error at 00000028: Could not follow disassembly flow into non-existing memory at 00000028 (DecompileCallback)
WARN  Decompiling 14000d4a0, pcode error at 00000027: Could not follow disassembly flow into non-existing memory at 00000027 (DecompileCallback)
WARN  Decompiling 14000d4a0, pcode error at 00000026: Could not follow disassembly flow into non-existing memory at 00000026 (DecompileCallback)
WARN  Decompiling 14000d4a0, pcode error at 00000025: Could not follow disassembly flow into non-existing memory at 00000025 (DecompileCallback)
WARN  Decompiling 14000d4a0, pcode error at 00000024: Could not follow disassembly flow into non-existing memory at 00000024 (DecompileCallback)
WARN  Decompiling 14000d4a0, pcode error at 00000023: Could not follow disassembly flow into non-existing memory at 00000023 (DecompileCallback)
WARN  Decompiling 14000d4a0, pcode error at 00000022: Could not follow disassembly flow into non-existing memory at 00000022 (DecompileCallback)
WARN  Decompiling 14000d4a0, pcode error at 00000021: Could not follow disassembly flow into non-existing memory at 00000021 (DecompileCallback)
WARN  Decompiling 14000d4a0, pcode error at 00000020: Could not follow disassembly flow into non-existing memory at 00000020 (DecompileCallback)
WARN  Decompiling 14000d4a0, pcode error at 0000001f: Could not follow disassembly flow into non-existing memory at 0000001f (DecompileCallback)
WARN  Decompiling 14000d4a0, pcode error at 0000001e: Could not follow disassembly flow into non-existing memory at 0000001e (DecompileCallback)
WARN  Decompiling 14000d4a0, pcode error at 0000001d: Could not follow disassembly flow into non-existing memory at 0000001d (DecompileCallback)
WARN  Decompiling 14000d4a0, pcode error at 0000001c: Could not follow disassembly flow into non-existing memory at 0000001c (DecompileCallback)
WARN  Decompiling 14000d4a0, pcode error at 0000001b: Could not follow disassembly flow into non-existing memory at 0000001b (DecompileCallback)
WARN  Decompiling 14000d4a0, pcode error at 0000001a: Could not follow disassembly flow into non-existing memory at 0000001a (DecompileCallback)
WARN  Decompiling 14000d4a0, pcode error at 00000019: Could not follow disassembly flow into non-existing memory at 00000019 (DecompileCallback)
WARN  Decompiling 14000d4a0, pcode error at 00000018: Could not follow disassembly flow into non-existing memory at 00000018 (DecompileCallback)
WARN  Decompiling 14000d4a0, pcode error at 00000017: Could not follow disassembly flow into non-existing memory at 00000017 (DecompileCallback)
WARN  Decompiling 14000d4a0, pcode error at 00000016: Could not follow disassembly flow into non-existing memory at 00000016 (DecompileCallback)
WARN  Decompiling 14000d4a0, pcode error at 00000015: Could not follow disassembly flow into non-existing memory at 00000015 (DecompileCallback)
WARN  Decompiling 14000d4a0, pcode error at 00000014: Could not follow disassembly flow into non-existing memory at 00000014 (DecompileCallback)
WARN  Decompiling 14000d4a0, pcode error at 00000013: Could not follow disassembly flow into non-existing memory at 00000013 (DecompileCallback)
WARN  Decompiling 14000d4a0, pcode error at 00000012: Could not follow disassembly flow into non-existing memory at 00000012 (DecompileCallback)
WARN  Decompiling 14000d4a0, pcode error at 00000011: Could not follow disassembly flow into non-existing memory at 00000011 (DecompileCallback)
WARN  Decompiling 14000d4a0, pcode error at 00000010: Could not follow disassembly flow into non-existing memory at 00000010 (DecompileCallback)
WARN  Decompiling 14000d4a0, pcode error at 0000000f: Could not follow disassembly flow into non-existing memory at 0000000f (DecompileCallback)
WARN  Decompiling 14000d4a0, pcode error at 0000000e: Could not follow disassembly flow into non-existing memory at 0000000e (DecompileCallback)
WARN  Decompiling 14000d4a0, pcode error at 0000000d: Could not follow disassembly flow into non-existing memory at 0000000d (DecompileCallback)
WARN  Decompiling 14000d4a0, pcode error at 0000000c: Could not follow disassembly flow into non-existing memory at 0000000c (DecompileCallback)
WARN  Decompiling 14000d4a0, pcode error at 0000000b: Could not follow disassembly flow into non-existing memory at 0000000b (DecompileCallback)
WARN  Decompiling 14000d4a0, pcode error at 0000000a: Could not follow disassembly flow into non-existing memory at 0000000a (DecompileCallback)
WARN  Decompiling 14000d4a0, pcode error at 00000009: Could not follow disassembly flow into non-existing memory at 00000009 (DecompileCallback)
WARN  Decompiling 14000d4a0, pcode error at 00000008: Could not follow disassembly flow into non-existing memory at 00000008 (DecompileCallback)
WARN  Decompiling 14000d4a0, pcode error at 00000007: Could not follow disassembly flow into non-existing memory at 00000007 (DecompileCallback)
WARN  Decompiling 14000d4a0, pcode error at 00000006: Could not follow disassembly flow into non-existing memory at 00000006 (DecompileCallback)
WARN  Decompiling 14000d4a0, pcode error at 00000005: Could not follow disassembly flow into non-existing memory at 00000005 (DecompileCallback)
WARN  Decompiling 14000d4a0, pcode error at 00000004: Could not follow disassembly flow into non-existing memory at 00000004 (DecompileCallback)
WARN  Decompiling 14000d4a0, pcode error at 00000003: Could not follow disassembly flow into non-existing memory at 00000003 (DecompileCallback)
WARN  Decompiling 14000d4a0, pcode error at 00000002: Could not follow disassembly flow into non-existing memory at 00000002 (DecompileCallback)
WARN  Decompiling 14000d4a0, pcode error at 00000001: Could not follow disassembly flow into non-existing memory at 00000001 (DecompileCallback)
WARN  Decompiling 14000d4a0, pcode error at 140016d5d: Failed to resolve varnode <Sreg>, index=7 (DecompileCallback)
WARN  Decompiling 14000d4a0, pcode error at 140016ca2: Unable to resolve constructor at 140016ca2 (DecompileCallback)
WARN  Decompiling 14000d4a0, pcode error at 140010d79: Unable to resolve constructor at 140010d79 (DecompileCallback)
WARN  Decompiling 14000d4a0, pcode error at 140010d54: Unable to resolve constructor at 140010d54 (DecompileCallback)
WARN  Decompiling 14000d4a0, pcode error at 14000f956: Unable to resolve constructor at 14000f956 (DecompileCallback)
WARN  Decompiling 14000d4a0, pcode error at 14000ed09: Unable to resolve constructor at 14000ed09 (DecompileCallback)
WARN  Decompiling 14000d4a0, pcode error at 14000e6e0: Unable to resolve constructor at 14000e6e0 (DecompileCallback)
WARN  Decompiling 14000d4a0, pcode error at 14000e716: Unable to resolve constructor at 14000e716 (DecompileCallback)
WARN  Decompiling 14000d4a0, pcode error at 14000e69f: Unable to resolve constructor at 14000e69f (DecompileCallback)
WARN  Decompiling 14000d4a0, pcode error at 14000e6ea: Unable to resolve constructor at 14000e6ea (DecompileCallback)
WARN  Decompiling 14000d4a0, pcode error at 14000dcc2: Unable to resolve constructor at 14000dcc2 (DecompileCallback)
WARN  Decompiling 14000d4a0, pcode error at 14000dcc8: Unable to resolve constructor at 14000dcc8 (DecompileCallback)
WARN  Decompiling 14000d4a0, pcode error at 140010d00: Unable to resolve constructor at 140010d00 (DecompileCallback)
WARN  Decompiling 14000d4a0, pcode error at 140012a5e: Unable to resolve constructor at 140012a5e (DecompileCallback)
WARN  Decompiling 14000d4a0, pcode error at 140010109: Unable to resolve constructor at 140010109 (DecompileCallback)
WARN  Decompiling 14000d4a0, pcode error at 140010004: Unable to resolve constructor at 140010004 (DecompileCallback)
WARN  Decompiling 14000d4a0, pcode error at 14000f62d: Unable to resolve constructor at 14000f62d (DecompileCallback)
WARN  Decompiling 14000d4a0, pcode error at 14000e6ff: Unable to resolve constructor at 14000e6ff (DecompileCallback)
WARN  Decompiling 14000d4a0, pcode error at 14000e6d6: Unable to resolve constructor at 14000e6d6 (DecompileCallback)
WARN  Decompiling 14000d4a0, pcode error at 14000dc86: Unable to resolve constructor at 14000dc86 (DecompileCallback)
WARN  Decompiling 14000d4a0, pcode error at 14000d9c5: Unable to resolve constructor at 14000d9c5 (DecompileCallback)
WARN  Decompiling 14000d4a0: Unable to read bytes at ram:e8606e20 (DecompileCallback)
WARN  Decompiling 14000d4a0, pcode error at 140016d22: Unable to resolve constructor at 140016d22 (DecompileCallback)
WARN  Decompiling 14000d4a0, pcode error at 140012b61: Unable to resolve constructor at 140012b61 (DecompileCallback)
WARN  Decompiling 14000d4a0, pcode error at 140012b84: Unable to resolve constructor at 140012b84 (DecompileCallback)
WARN  Decompiling 14000d4a0, pcode error at 14000edb1: Unable to resolve constructor at 14000edb1 (DecompileCallback)
INFO  -----------------------------------------------------
    ASCII Strings                              0.234 secs
    Apply Data Archives                        0.359 secs
    Call Convention ID                         0.006 secs
    Call-Fixup Installer                       0.002 secs
    Create Address Tables                      0.033 secs
    Create Function                            0.007 secs
    Data Reference                             0.031 secs
    Decompiler Parameter ID                    8.770 secs
    Decompiler Switch Analysis                10.015 secs
    Demangler Microsoft                        0.003 secs
    Disassemble Entry Points                   0.447 secs
    Embedded Media                             0.003 secs
    External Entry References                  0.000 secs
    Function ID                                0.196 secs
    Function Start Search                      0.006 secs
    Non-Returning Functions - Discovered       0.136 secs
    Non-Returning Functions - Known            0.003 secs
    PDB Universal                              0.001 secs
    Reference                                  0.058 secs
    Scalar Operand References                  0.122 secs
    Shared Return Calls                        0.041 secs
    Stack                                      0.652 secs
    Subroutine References                      0.014 secs
    Windows x86 PE Exception Handling          0.004 secs
    Windows x86 PE RTTI Analyzer               0.002 secs
    Windows x86 Thread Environment Block (TEB) Analyzer     0.008 secs
    WindowsResourceReference                   0.345 secs
    x86 Constant Reference Analyzer            0.520 secs
-----------------------------------------------------
     Total Time   22 secs
-----------------------------------------------------
 (AutoAnalysisManager)
INFO  REPORT: Analysis succeeded for file: file:///${RUN_DIRECTORY}/export/upx_hello-e696e55509c3456d901ac96283e89661/hello.packed.nrv2b.unpacked.exe (HeadlessAnalyzer)
INFO  REPORT: Execute script: DisrobeMetrics.java '${RUN_DIRECTORY}\metrics\upx_hello_unpacked.json'  (HeadlessAnalyzer)
INFO  SCRIPT: ${REPOSITORY_ROOT}\benches\ghidra-unpack\DisrobeMetrics.java (HeadlessAnalyzer)
WARN  Decompiling 14000a03c: Unable to read bytes at ram:e8606d20 (DecompileCallback)
WARN  Decompiling 14000a03c, pcode error at 140016c2a: Unable to resolve constructor at 140016c2a (DecompileCallback)
WARN  Decompiling 14000a03c, pcode error at 140012a5e: Unable to resolve constructor at 140012a5e (DecompileCallback)
WARN  Decompiling 14000a03c, pcode error at 1400100d2: Unable to resolve constructor at 1400100d2 (DecompileCallback)
WARN  Decompiling 14000a03c, pcode error at 14000dc42: Unable to resolve constructor at 14000dc42 (DecompileCallback)
WARN  Decompiling 14000a03c, pcode error at 14000dc4b: Unable to resolve constructor at 14000dc4b (DecompileCallback)
WARN  Decompiling 14000a03c, pcode error at 14000d99a: Unable to resolve constructor at 14000d99a (DecompileCallback)
WARN  Decompiling 14000cd00, pcode error at 14000cfca: Unable to resolve constructor at 14000cfca (DecompileCallback)
WARN  Decompiling 14000d4a0: Unable to read bytes at ram:e8606d30 (DecompileCallback)
WARN  Decompiling 14000d4a0, pcode error at 140016c30: Unable to resolve constructor at 140016c30 (DecompileCallback)
WARN  Decompiling 14000d4a0, pcode error at 14000f614: Unable to resolve constructor at 14000f614 (DecompileCallback)
WARN  Decompiling 14000d4a0, pcode error at 14000e6d7: Unable to resolve constructor at 14000e6d7 (DecompileCallback)
WARN  Decompiling 14000d4a0, pcode error at 14000e6bf: Unable to resolve constructor at 14000e6bf (DecompileCallback)
WARN  Decompiling 14000d4a0, pcode error at 14000e62a: Unable to resolve constructor at 14000e62a (DecompileCallback)
WARN  Decompiling 14000d4a0, pcode error at 14000dc58: Unable to resolve constructor at 14000dc58 (DecompileCallback)
WARN  Decompiling 14000e4b0: Unable to read bytes at ram:e8606dd4 (DecompileCallback)
WARN  Decompiling 14000e4b0, pcode error at 140016cd6: Unable to resolve constructor at 140016cd6 (DecompileCallback)
WARN  Decompiling 14000e4b0, pcode error at 140010dbb: Unable to resolve constructor at 140010dbb (DecompileCallback)
WARN  Decompiling 14000e4b0, pcode error at 14000f992: Unable to resolve constructor at 14000f992 (DecompileCallback)
WARN  Decompiling 14000e4b0, pcode error at 14000f927: Unable to resolve constructor at 14000f927 (DecompileCallback)
WARN  Decompiling 14000e4b0, pcode error at 14000ed67: Unable to resolve constructor at 14000ed67 (DecompileCallback)
WARN  Decompiling 14000e4b0, pcode error at 14000ea25: Unable to resolve constructor at 14000ea25 (DecompileCallback)
WARN  Decompiling 14000e4b0, pcode error at 14000e9cf: Unable to resolve constructor at 14000e9cf (DecompileCallback)
WARN  Decompiling 14000e4b0, pcode error at 14000ea68: Unable to resolve constructor at 14000ea68 (DecompileCallback)
WARN  Decompiling 14000e4b0, pcode error at 14000e9fe: Unable to resolve constructor at 14000e9fe (DecompileCallback)
WARN  Decompiling 14000e4b0, pcode error at 14000e766: Unable to resolve constructor at 14000e766 (DecompileCallback)
WARN  Decompiling 14000e4b0, pcode error at 14000e756: Unable to resolve constructor at 14000e756 (DecompileCallback)
WARN  Decompiling 14000e4b0, pcode error at 14000e762: Unable to resolve constructor at 14000e762 (DecompileCallback)
WARN  Decompiling 14000e4b0: Unable to read bytes at ram:e8606e08 (DecompileCallback)
WARN  Decompiling 14000d4a0: Unable to read bytes at ram:e8606e5c (DecompileCallback)
WARN  Decompiling 14000e4b0: Unable to read bytes at ram:e8606df0 (DecompileCallback)
WARN  Decompiling 14000d4a0: Unable to read bytes at ram:e8606da0 (DecompileCallback)
WARN  Decompiling 14000d4a0: Unable to read bytes at ram:e8606d4c (DecompileCallback)
WARN  Decompiling 14000e4b0, pcode error at 140016d12: Unable to resolve constructor at 140016d12 (DecompileCallback)
WARN  Decompiling 14000e4b0, pcode error at 140016d0a: Unable to resolve constructor at 140016d0a (DecompileCallback)
WARN  Decompiling 14000e4b0, pcode error at 140012b44: Unable to resolve constructor at 140012b44 (DecompileCallback)
WARN  Decompiling 14000e4b0, pcode error at 14000f9bd: Unable to resolve constructor at 14000f9bd (DecompileCallback)
WARN  Decompiling 14000e4b0, pcode error at 14000f6a9: Unable to resolve constructor at 14000f6a9 (DecompileCallback)
WARN  Decompiling 14000d4a0, pcode error at 000000ff: Could not follow disassembly flow into non-existing memory at 000000ff (DecompileCallback)
WARN  Decompiling 14000d4a0, pcode error at 000000fe: Could not follow disassembly flow into non-existing memory at 000000fe (DecompileCallback)
WARN  Decompiling 14000d4a0, pcode error at 000000fd: Could not follow disassembly flow into non-existing memory at 000000fd (DecompileCallback)
WARN  Decompiling 14000d4a0, pcode error at 000000fc: Could not follow disassembly flow into non-existing memory at 000000fc (DecompileCallback)
WARN  Decompiling 14000e4b0, pcode error at 14000ed5c: Unable to resolve constructor at 14000ed5c (DecompileCallback)
WARN  Decompiling 14000d4a0, pcode error at 000000fb: Could not follow disassembly flow into non-existing memory at 000000fb (DecompileCallback)
WARN  Decompiling 14000d4a0, pcode error at 000000fa: Could not follow disassembly flow into non-existing memory at 000000fa (DecompileCallback)
WARN  Decompiling 14000d4a0, pcode error at 000000f9: Could not follow disassembly flow into non-existing memory at 000000f9 (DecompileCallback)
WARN  Decompiling 14000e4b0, pcode error at 14000ea5c: Unable to resolve constructor at 14000ea5c (DecompileCallback)
WARN  Decompiling 14000d4a0, pcode error at 000000f8: Could not follow disassembly flow into non-existing memory at 000000f8 (DecompileCallback)
WARN  Decompiling 14000d4a0, pcode error at 000000f7: Could not follow disassembly flow into non-existing memory at 000000f7 (DecompileCallback)
WARN  Decompiling 14000d4a0, pcode error at 000000f6: Could not follow disassembly flow into non-existing memory at 000000f6 (DecompileCallback)
WARN  Decompiling 14000d4a0, pcode error at 000000f5: Could not follow disassembly flow into non-existing memory at 000000f5 (DecompileCallback)
WARN  Decompiling 14000d4a0, pcode error at 000000f4: Could not follow disassembly flow into non-existing memory at 000000f4 (DecompileCallback)
WARN  Decompiling 14000d4a0, pcode error at 000000f3: Could not follow disassembly flow into non-existing memory at 000000f3 (DecompileCallback)
WARN  Decompiling 14000d4a0, pcode error at 000000f2: Could not follow disassembly flow into non-existing memory at 000000f2 (DecompileCallback)
WARN  Decompiling 14000d4a0, pcode error at 000000f1: Could not follow disassembly flow into non-existing memory at 000000f1 (DecompileCallback)
WARN  Decompiling 14000d4a0, pcode error at 000000f0: Could not follow disassembly flow into non-existing memory at 000000f0 (DecompileCallback)
WARN  Decompiling 14000d4a0, pcode error at 000000ef: Could not follow disassembly flow into non-existing memory at 000000ef (DecompileCallback)
WARN  Decompiling 14000d4a0, pcode error at 000000ee: Could not follow disassembly flow into non-existing memory at 000000ee (DecompileCallback)
WARN  Decompiling 14000d4a0, pcode error at 000000ed: Could not follow disassembly flow into non-existing memory at 000000ed (DecompileCallback)
WARN  Decompiling 14000d4a0, pcode error at 000000ec: Could not follow disassembly flow into non-existing memory at 000000ec (DecompileCallback)
WARN  Decompiling 14000d4a0, pcode error at 000000eb: Could not follow disassembly flow into non-existing memory at 000000eb (DecompileCallback)
WARN  Decompiling 14000d4a0, pcode error at 000000ea: Could not follow disassembly flow into non-existing memory at 000000ea (DecompileCallback)
WARN  Decompiling 14000d4a0, pcode error at 000000e9: Could not follow disassembly flow into non-existing memory at 000000e9 (DecompileCallback)
WARN  Decompiling 14000d4a0, pcode error at 000000e8: Could not follow disassembly flow into non-existing memory at 000000e8 (DecompileCallback)
WARN  Decompiling 14000e4b0, pcode error at 14000ea3d: Unable to resolve constructor at 14000ea3d (DecompileCallback)
WARN  Decompiling 14000d4a0, pcode error at 000000e7: Could not follow disassembly flow into non-existing memory at 000000e7 (DecompileCallback)
WARN  Decompiling 14000d4a0, pcode error at 000000e6: Could not follow disassembly flow into non-existing memory at 000000e6 (DecompileCallback)
WARN  Decompiling 14000d4a0, pcode error at 000000e5: Could not follow disassembly flow into non-existing memory at 000000e5 (DecompileCallback)
WARN  Decompiling 14000d4a0, pcode error at 000000e4: Could not follow disassembly flow into non-existing memory at 000000e4 (DecompileCallback)
WARN  Decompiling 14000d4a0, pcode error at 000000e3: Could not follow disassembly flow into non-existing memory at 000000e3 (DecompileCallback)
WARN  Decompiling 14000d4a0, pcode error at 000000e2: Could not follow disassembly flow into non-existing memory at 000000e2 (DecompileCallback)
WARN  Decompiling 14000d4a0, pcode error at 000000e1: Could not follow disassembly flow into non-existing memory at 000000e1 (DecompileCallback)
WARN  Decompiling 14000d4a0, pcode error at 000000e0: Could not follow disassembly flow into non-existing memory at 000000e0 (DecompileCallback)
WARN  Decompiling 14000d4a0, pcode error at 000000df: Could not follow disassembly flow into non-existing memory at 000000df (DecompileCallback)
WARN  Decompiling 14000d4a0, pcode error at 000000de: Could not follow disassembly flow into non-existing memory at 000000de (DecompileCallback)
WARN  Decompiling 14000d4a0, pcode error at 000000dd: Could not follow disassembly flow into non-existing memory at 000000dd (DecompileCallback)
WARN  Decompiling 14000d4a0, pcode error at 000000dc: Could not follow disassembly flow into non-existing memory at 000000dc (DecompileCallback)
WARN  Decompiling 14000d4a0, pcode error at 000000db: Could not follow disassembly flow into non-existing memory at 000000db (DecompileCallback)
WARN  Decompiling 14000d4a0, pcode error at 000000da: Could not follow disassembly flow into non-existing memory at 000000da (DecompileCallback)
WARN  Decompiling 14000d4a0, pcode error at 000000d9: Could not follow disassembly flow into non-existing memory at 000000d9 (DecompileCallback)
WARN  Decompiling 14000d4a0, pcode error at 000000d8: Could not follow disassembly flow into non-existing memory at 000000d8 (DecompileCallback)
WARN  Decompiling 14000d4a0, pcode error at 000000d7: Could not follow disassembly flow into non-existing memory at 000000d7 (DecompileCallback)
WARN  Decompiling 14000d4a0, pcode error at 000000d6: Could not follow disassembly flow into non-existing memory at 000000d6 (DecompileCallback)
WARN  Decompiling 14000d4a0, pcode error at 000000d5: Could not follow disassembly flow into non-existing memory at 000000d5 (DecompileCallback)
WARN  Decompiling 14000d4a0, pcode error at 000000d4: Could not follow disassembly flow into non-existing memory at 000000d4 (DecompileCallback)
WARN  Decompiling 14000d4a0, pcode error at 000000d3: Could not follow disassembly flow into non-existing memory at 000000d3 (DecompileCallback)
WARN  Decompiling 14000d4a0, pcode error at 000000d2: Could not follow disassembly flow into non-existing memory at 000000d2 (DecompileCallback)
WARN  Decompiling 14000d4a0, pcode error at 000000d1: Could not follow disassembly flow into non-existing memory at 000000d1 (DecompileCallback)
WARN  Decompiling 14000e4b0, pcode error at 140016d02: Unable to resolve constructor at 140016d02 (DecompileCallback)
WARN  Decompiling 14000d4a0, pcode error at 000000d0: Could not follow disassembly flow into non-existing memory at 000000d0 (DecompileCallback)
WARN  Decompiling 14000e4b0, pcode error at 140016cf6: Unable to resolve constructor at 140016cf6 (DecompileCallback)
WARN  Decompiling 14000d4a0, pcode error at 000000cf: Could not follow disassembly flow into non-existing memory at 000000cf (DecompileCallback)
WARN  Decompiling 14000d4a0, pcode error at 000000ce: Could not follow disassembly flow into non-existing memory at 000000ce (DecompileCallback)
WARN  Decompiling 14000e4b0, pcode error at 140010dee: Unable to resolve constructor at 140010dee (DecompileCallback)
WARN  Decompiling 14000d4a0, pcode error at 000000cd: Could not follow disassembly flow into non-existing memory at 000000cd (DecompileCallback)
WARN  Decompiling 14000d4a0, pcode error at 000000cc: Could not follow disassembly flow into non-existing memory at 000000cc (DecompileCallback)
WARN  Decompiling 14000d4a0, pcode error at 000000cb: Could not follow disassembly flow into non-existing memory at 000000cb (DecompileCallback)
WARN  Decompiling 14000d4a0, pcode error at 000000ca: Could not follow disassembly flow into non-existing memory at 000000ca (DecompileCallback)
WARN  Decompiling 14000d4a0, pcode error at 000000c9: Could not follow disassembly flow into non-existing memory at 000000c9 (DecompileCallback)
WARN  Decompiling 14000d4a0, pcode error at 000000c8: Could not follow disassembly flow into non-existing memory at 000000c8 (DecompileCallback)
WARN  Decompiling 14000d4a0, pcode error at 000000c7: Could not follow disassembly flow into non-existing memory at 000000c7 (DecompileCallback)
WARN  Decompiling 14000d4a0, pcode error at 000000c6: Could not follow disassembly flow into non-existing memory at 000000c6 (DecompileCallback)
WARN  Decompiling 14000d4a0, pcode error at 000000c5: Could not follow disassembly flow into non-existing memory at 000000c5 (DecompileCallback)
WARN  Decompiling 14000d4a0, pcode error at 000000c4: Could not follow disassembly flow into non-existing memory at 000000c4 (DecompileCallback)
WARN  Decompiling 14000d4a0, pcode error at 000000c3: Could not follow disassembly flow into non-existing memory at 000000c3 (DecompileCallback)
WARN  Decompiling 14000d4a0, pcode error at 000000c2: Could not follow disassembly flow into non-existing memory at 000000c2 (DecompileCallback)
WARN  Decompiling 14000d4a0, pcode error at 000000c1: Could not follow disassembly flow into non-existing memory at 000000c1 (DecompileCallback)
WARN  Decompiling 14000d4a0, pcode error at 000000c0: Could not follow disassembly flow into non-existing memory at 000000c0 (DecompileCallback)
WARN  Decompiling 14000e4b0, pcode error at 1400101a2: Unable to resolve constructor at 1400101a2 (DecompileCallback)
WARN  Decompiling 14000d4a0, pcode error at 000000bf: Could not follow disassembly flow into non-existing memory at 000000bf (DecompileCallback)
WARN  Decompiling 14000d4a0, pcode error at 000000be: Could not follow disassembly flow into non-existing memory at 000000be (DecompileCallback)
WARN  Decompiling 14000d4a0, pcode error at 000000bd: Could not follow disassembly flow into non-existing memory at 000000bd (DecompileCallback)
WARN  Decompiling 14000d4a0, pcode error at 000000bc: Could not follow disassembly flow into non-existing memory at 000000bc (DecompileCallback)
WARN  Decompiling 14000d4a0, pcode error at 000000bb: Could not follow disassembly flow into non-existing memory at 000000bb (DecompileCallback)
WARN  Decompiling 14000d4a0, pcode error at 000000ba: Could not follow disassembly flow into non-existing memory at 000000ba (DecompileCallback)
WARN  Decompiling 14000d4a0, pcode error at 000000b9: Could not follow disassembly flow into non-existing memory at 000000b9 (DecompileCallback)
WARN  Decompiling 14000d4a0, pcode error at 000000b8: Could not follow disassembly flow into non-existing memory at 000000b8 (DecompileCallback)
WARN  Decompiling 14000d4a0, pcode error at 000000b7: Could not follow disassembly flow into non-existing memory at 000000b7 (DecompileCallback)
WARN  Decompiling 14000d4a0, pcode error at 000000b6: Could not follow disassembly flow into non-existing memory at 000000b6 (DecompileCallback)
WARN  Decompiling 14000d4a0, pcode error at 000000b5: Could not follow disassembly flow into non-existing memory at 000000b5 (DecompileCallback)
WARN  Decompiling 14000d4a0, pcode error at 000000b4: Could not follow disassembly flow into non-existing memory at 000000b4 (DecompileCallback)
WARN  Decompiling 14000d4a0, pcode error at 000000b3: Could not follow disassembly flow into non-existing memory at 000000b3 (DecompileCallback)
WARN  Decompiling 14000d4a0, pcode error at 000000b2: Could not follow disassembly flow into non-existing memory at 000000b2 (DecompileCallback)
WARN  Decompiling 14000d4a0, pcode error at 000000b1: Could not follow disassembly flow into non-existing memory at 000000b1 (DecompileCallback)
WARN  Decompiling 14000d4a0, pcode error at 000000b0: Could not follow disassembly flow into non-existing memory at 000000b0 (DecompileCallback)
WARN  Decompiling 14000d4a0, pcode error at 000000af: Could not follow disassembly flow into non-existing memory at 000000af (DecompileCallback)
WARN  Decompiling 14000e4b0, pcode error at 14000ed3e: Unable to resolve constructor at 14000ed3e (DecompileCallback)
WARN  Decompiling 14000d4a0, pcode error at 000000ae: Could not follow disassembly flow into non-existing memory at 000000ae (DecompileCallback)
WARN  Decompiling 14000d4a0, pcode error at 000000ad: Could not follow disassembly flow into non-existing memory at 000000ad (DecompileCallback)
WARN  Decompiling 14000d4a0, pcode error at 000000ac: Could not follow disassembly flow into non-existing memory at 000000ac (DecompileCallback)
WARN  Decompiling 14000e4b0, pcode error at 14000ea45: Unable to resolve constructor at 14000ea45 (DecompileCallback)
WARN  Decompiling 14000d4a0, pcode error at 000000ab: Could not follow disassembly flow into non-existing memory at 000000ab (DecompileCallback)
WARN  Decompiling 14000d4a0, pcode error at 000000aa: Could not follow disassembly flow into non-existing memory at 000000aa (DecompileCallback)
WARN  Decompiling 14000d4a0, pcode error at 000000a9: Could not follow disassembly flow into non-existing memory at 000000a9 (DecompileCallback)
WARN  Decompiling 14000d4a0, pcode error at 000000a8: Could not follow disassembly flow into non-existing memory at 000000a8 (DecompileCallback)
WARN  Decompiling 14000d4a0, pcode error at 000000a7: Could not follow disassembly flow into non-existing memory at 000000a7 (DecompileCallback)
WARN  Decompiling 14000d4a0, pcode error at 000000a6: Could not follow disassembly flow into non-existing memory at 000000a6 (DecompileCallback)
WARN  Decompiling 14000d4a0, pcode error at 000000a5: Could not follow disassembly flow into non-existing memory at 000000a5 (DecompileCallback)
WARN  Decompiling 14000d4a0, pcode error at 000000a4: Could not follow disassembly flow into non-existing memory at 000000a4 (DecompileCallback)
WARN  Decompiling 14000d4a0, pcode error at 000000a3: Could not follow disassembly flow into non-existing memory at 000000a3 (DecompileCallback)
WARN  Decompiling 14000d4a0, pcode error at 000000a2: Could not follow disassembly flow into non-existing memory at 000000a2 (DecompileCallback)
WARN  Decompiling 14000d4a0, pcode error at 000000a1: Could not follow disassembly flow into non-existing memory at 000000a1 (DecompileCallback)
WARN  Decompiling 14000d4a0, pcode error at 000000a0: Could not follow disassembly flow into non-existing memory at 000000a0 (DecompileCallback)
WARN  Decompiling 14000d4a0, pcode error at 0000009f: Could not follow disassembly flow into non-existing memory at 0000009f (DecompileCallback)
WARN  Decompiling 14000d4a0, pcode error at 0000009e: Could not follow disassembly flow into non-existing memory at 0000009e (DecompileCallback)
WARN  Decompiling 14000d4a0, pcode error at 0000009d: Could not follow disassembly flow into non-existing memory at 0000009d (DecompileCallback)
WARN  Decompiling 14000d4a0, pcode error at 0000009c: Could not follow disassembly flow into non-existing memory at 0000009c (DecompileCallback)
WARN  Decompiling 14000d4a0, pcode error at 0000009b: Could not follow disassembly flow into non-existing memory at 0000009b (DecompileCallback)
WARN  Decompiling 14000d4a0, pcode error at 0000009a: Could not follow disassembly flow into non-existing memory at 0000009a (DecompileCallback)
WARN  Decompiling 14000d4a0, pcode error at 00000099: Could not follow disassembly flow into non-existing memory at 00000099 (DecompileCallback)
WARN  Decompiling 14000d4a0, pcode error at 00000098: Could not follow disassembly flow into non-existing memory at 00000098 (DecompileCallback)
WARN  Decompiling 14000d4a0, pcode error at 00000097: Could not follow disassembly flow into non-existing memory at 00000097 (DecompileCallback)
WARN  Decompiling 14000d4a0, pcode error at 00000096: Could not follow disassembly flow into non-existing memory at 00000096 (DecompileCallback)
WARN  Decompiling 14000d4a0, pcode error at 00000095: Could not follow disassembly flow into non-existing memory at 00000095 (DecompileCallback)
WARN  Decompiling 14000d4a0, pcode error at 00000094: Could not follow disassembly flow into non-existing memory at 00000094 (DecompileCallback)
WARN  Decompiling 14000d4a0, pcode error at 00000093: Could not follow disassembly flow into non-existing memory at 00000093 (DecompileCallback)
WARN  Decompiling 14000d4a0, pcode error at 00000092: Could not follow disassembly flow into non-existing memory at 00000092 (DecompileCallback)
WARN  Decompiling 14000d4a0, pcode error at 00000091: Could not follow disassembly flow into non-existing memory at 00000091 (DecompileCallback)
WARN  Decompiling 14000d4a0, pcode error at 00000090: Could not follow disassembly flow into non-existing memory at 00000090 (DecompileCallback)
WARN  Decompiling 14000d4a0, pcode error at 0000008f: Could not follow disassembly flow into non-existing memory at 0000008f (DecompileCallback)
WARN  Decompiling 14000d4a0, pcode error at 0000008e: Could not follow disassembly flow into non-existing memory at 0000008e (DecompileCallback)
WARN  Decompiling 14000d4a0, pcode error at 0000008d: Could not follow disassembly flow into non-existing memory at 0000008d (DecompileCallback)
WARN  Decompiling 14000d4a0, pcode error at 0000008c: Could not follow disassembly flow into non-existing memory at 0000008c (DecompileCallback)
WARN  Decompiling 14000d4a0, pcode error at 0000008b: Could not follow disassembly flow into non-existing memory at 0000008b (DecompileCallback)
WARN  Decompiling 14000d4a0, pcode error at 0000008a: Could not follow disassembly flow into non-existing memory at 0000008a (DecompileCallback)
WARN  Decompiling 14000d4a0, pcode error at 00000089: Could not follow disassembly flow into non-existing memory at 00000089 (DecompileCallback)
WARN  Decompiling 14000d4a0, pcode error at 00000088: Could not follow disassembly flow into non-existing memory at 00000088 (DecompileCallback)
WARN  Decompiling 14000d4a0, pcode error at 00000087: Could not follow disassembly flow into non-existing memory at 00000087 (DecompileCallback)
WARN  Decompiling 14000d4a0, pcode error at 00000086: Could not follow disassembly flow into non-existing memory at 00000086 (DecompileCallback)
WARN  Decompiling 14000d4a0, pcode error at 00000085: Could not follow disassembly flow into non-existing memory at 00000085 (DecompileCallback)
WARN  Decompiling 14000d4a0, pcode error at 00000084: Could not follow disassembly flow into non-existing memory at 00000084 (DecompileCallback)
WARN  Decompiling 14000d4a0, pcode error at 00000083: Could not follow disassembly flow into non-existing memory at 00000083 (DecompileCallback)
WARN  Decompiling 14000d4a0, pcode error at 00000082: Could not follow disassembly flow into non-existing memory at 00000082 (DecompileCallback)
WARN  Decompiling 14000d4a0, pcode error at 00000081: Could not follow disassembly flow into non-existing memory at 00000081 (DecompileCallback)
WARN  Decompiling 14000d4a0, pcode error at 00000080: Could not follow disassembly flow into non-existing memory at 00000080 (DecompileCallback)
WARN  Decompiling 14000d4a0, pcode error at 0000007f: Could not follow disassembly flow into non-existing memory at 0000007f (DecompileCallback)
WARN  Decompiling 14000d4a0, pcode error at 0000007e: Could not follow disassembly flow into non-existing memory at 0000007e (DecompileCallback)
WARN  Decompiling 14000d4a0, pcode error at 0000007d: Could not follow disassembly flow into non-existing memory at 0000007d (DecompileCallback)
WARN  Decompiling 14000d4a0, pcode error at 0000007c: Could not follow disassembly flow into non-existing memory at 0000007c (DecompileCallback)
WARN  Decompiling 14000d4a0, pcode error at 0000007b: Could not follow disassembly flow into non-existing memory at 0000007b (DecompileCallback)
WARN  Decompiling 14000d4a0, pcode error at 0000007a: Could not follow disassembly flow into non-existing memory at 0000007a (DecompileCallback)
WARN  Decompiling 14000d4a0, pcode error at 00000079: Could not follow disassembly flow into non-existing memory at 00000079 (DecompileCallback)
WARN  Decompiling 14000d4a0, pcode error at 00000078: Could not follow disassembly flow into non-existing memory at 00000078 (DecompileCallback)
WARN  Decompiling 14000d4a0, pcode error at 00000077: Could not follow disassembly flow into non-existing memory at 00000077 (DecompileCallback)
WARN  Decompiling 14000d4a0, pcode error at 00000076: Could not follow disassembly flow into non-existing memory at 00000076 (DecompileCallback)
WARN  Decompiling 14000d4a0, pcode error at 00000075: Could not follow disassembly flow into non-existing memory at 00000075 (DecompileCallback)
WARN  Decompiling 14000d4a0, pcode error at 00000074: Could not follow disassembly flow into non-existing memory at 00000074 (DecompileCallback)
WARN  Decompiling 14000d4a0, pcode error at 00000073: Could not follow disassembly flow into non-existing memory at 00000073 (DecompileCallback)
WARN  Decompiling 14000d4a0, pcode error at 00000072: Could not follow disassembly flow into non-existing memory at 00000072 (DecompileCallback)
WARN  Decompiling 14000d4a0, pcode error at 00000071: Could not follow disassembly flow into non-existing memory at 00000071 (DecompileCallback)
WARN  Decompiling 14000d4a0, pcode error at 00000070: Could not follow disassembly flow into non-existing memory at 00000070 (DecompileCallback)
WARN  Decompiling 14000d4a0, pcode error at 0000006f: Could not follow disassembly flow into non-existing memory at 0000006f (DecompileCallback)
WARN  Decompiling 14000d4a0, pcode error at 0000006e: Could not follow disassembly flow into non-existing memory at 0000006e (DecompileCallback)
WARN  Decompiling 14000d4a0, pcode error at 0000006d: Could not follow disassembly flow into non-existing memory at 0000006d (DecompileCallback)
WARN  Decompiling 14000d4a0, pcode error at 0000006c: Could not follow disassembly flow into non-existing memory at 0000006c (DecompileCallback)
WARN  Decompiling 14000d4a0, pcode error at 0000006b: Could not follow disassembly flow into non-existing memory at 0000006b (DecompileCallback)
WARN  Decompiling 14000d4a0, pcode error at 0000006a: Could not follow disassembly flow into non-existing memory at 0000006a (DecompileCallback)
WARN  Decompiling 14000d4a0, pcode error at 00000069: Could not follow disassembly flow into non-existing memory at 00000069 (DecompileCallback)
WARN  Decompiling 14000d4a0, pcode error at 00000068: Could not follow disassembly flow into non-existing memory at 00000068 (DecompileCallback)
WARN  Decompiling 14000d4a0, pcode error at 00000067: Could not follow disassembly flow into non-existing memory at 00000067 (DecompileCallback)
WARN  Decompiling 14000d4a0, pcode error at 00000066: Could not follow disassembly flow into non-existing memory at 00000066 (DecompileCallback)
WARN  Decompiling 14000d4a0, pcode error at 00000065: Could not follow disassembly flow into non-existing memory at 00000065 (DecompileCallback)
WARN  Decompiling 14000d4a0, pcode error at 00000064: Could not follow disassembly flow into non-existing memory at 00000064 (DecompileCallback)
WARN  Decompiling 14000d4a0, pcode error at 00000063: Could not follow disassembly flow into non-existing memory at 00000063 (DecompileCallback)
WARN  Decompiling 14000d4a0, pcode error at 00000062: Could not follow disassembly flow into non-existing memory at 00000062 (DecompileCallback)
WARN  Decompiling 14000d4a0, pcode error at 00000061: Could not follow disassembly flow into non-existing memory at 00000061 (DecompileCallback)
WARN  Decompiling 14000d4a0, pcode error at 00000060: Could not follow disassembly flow into non-existing memory at 00000060 (DecompileCallback)
WARN  Decompiling 14000d4a0, pcode error at 0000005f: Could not follow disassembly flow into non-existing memory at 0000005f (DecompileCallback)
WARN  Decompiling 14000d4a0, pcode error at 0000005e: Could not follow disassembly flow into non-existing memory at 0000005e (DecompileCallback)
WARN  Decompiling 14000d4a0, pcode error at 0000005d: Could not follow disassembly flow into non-existing memory at 0000005d (DecompileCallback)
WARN  Decompiling 14000d4a0, pcode error at 0000005c: Could not follow disassembly flow into non-existing memory at 0000005c (DecompileCallback)
WARN  Decompiling 14000d4a0, pcode error at 0000005b: Could not follow disassembly flow into non-existing memory at 0000005b (DecompileCallback)
WARN  Decompiling 14000d4a0, pcode error at 0000005a: Could not follow disassembly flow into non-existing memory at 0000005a (DecompileCallback)
WARN  Decompiling 14000d4a0, pcode error at 00000059: Could not follow disassembly flow into non-existing memory at 00000059 (DecompileCallback)
WARN  Decompiling 14000d4a0, pcode error at 00000058: Could not follow disassembly flow into non-existing memory at 00000058 (DecompileCallback)
WARN  Decompiling 14000d4a0, pcode error at 00000057: Could not follow disassembly flow into non-existing memory at 00000057 (DecompileCallback)
WARN  Decompiling 14000d4a0, pcode error at 00000056: Could not follow disassembly flow into non-existing memory at 00000056 (DecompileCallback)
WARN  Decompiling 14000d4a0, pcode error at 00000055: Could not follow disassembly flow into non-existing memory at 00000055 (DecompileCallback)
WARN  Decompiling 14000d4a0, pcode error at 00000054: Could not follow disassembly flow into non-existing memory at 00000054 (DecompileCallback)
WARN  Decompiling 14000d4a0, pcode error at 00000053: Could not follow disassembly flow into non-existing memory at 00000053 (DecompileCallback)
WARN  Decompiling 14000d4a0, pcode error at 00000052: Could not follow disassembly flow into non-existing memory at 00000052 (DecompileCallback)
WARN  Decompiling 14000d4a0, pcode error at 00000051: Could not follow disassembly flow into non-existing memory at 00000051 (DecompileCallback)
WARN  Decompiling 14000d4a0, pcode error at 00000050: Could not follow disassembly flow into non-existing memory at 00000050 (DecompileCallback)
WARN  Decompiling 14000d4a0, pcode error at 0000004f: Could not follow disassembly flow into non-existing memory at 0000004f (DecompileCallback)
WARN  Decompiling 14000d4a0, pcode error at 0000004e: Could not follow disassembly flow into non-existing memory at 0000004e (DecompileCallback)
WARN  Decompiling 14000d4a0, pcode error at 0000004d: Could not follow disassembly flow into non-existing memory at 0000004d (DecompileCallback)
WARN  Decompiling 14000d4a0, pcode error at 0000004c: Could not follow disassembly flow into non-existing memory at 0000004c (DecompileCallback)
WARN  Decompiling 14000d4a0, pcode error at 0000004b: Could not follow disassembly flow into non-existing memory at 0000004b (DecompileCallback)
WARN  Decompiling 14000d4a0, pcode error at 0000004a: Could not follow disassembly flow into non-existing memory at 0000004a (DecompileCallback)
WARN  Decompiling 14000d4a0, pcode error at 00000049: Could not follow disassembly flow into non-existing memory at 00000049 (DecompileCallback)
WARN  Decompiling 14000d4a0, pcode error at 00000048: Could not follow disassembly flow into non-existing memory at 00000048 (DecompileCallback)
WARN  Decompiling 14000d4a0, pcode error at 00000047: Could not follow disassembly flow into non-existing memory at 00000047 (DecompileCallback)
WARN  Decompiling 14000d4a0, pcode error at 00000046: Could not follow disassembly flow into non-existing memory at 00000046 (DecompileCallback)
WARN  Decompiling 14000d4a0, pcode error at 00000045: Could not follow disassembly flow into non-existing memory at 00000045 (DecompileCallback)
WARN  Decompiling 14000d4a0, pcode error at 00000044: Could not follow disassembly flow into non-existing memory at 00000044 (DecompileCallback)
WARN  Decompiling 14000d4a0, pcode error at 00000043: Could not follow disassembly flow into non-existing memory at 00000043 (DecompileCallback)
WARN  Decompiling 14000d4a0, pcode error at 00000042: Could not follow disassembly flow into non-existing memory at 00000042 (DecompileCallback)
WARN  Decompiling 14000d4a0, pcode error at 00000041: Could not follow disassembly flow into non-existing memory at 00000041 (DecompileCallback)
WARN  Decompiling 14000d4a0, pcode error at 00000040: Could not follow disassembly flow into non-existing memory at 00000040 (DecompileCallback)
WARN  Decompiling 14000d4a0, pcode error at 0000003f: Could not follow disassembly flow into non-existing memory at 0000003f (DecompileCallback)
WARN  Decompiling 14000d4a0, pcode error at 0000003e: Could not follow disassembly flow into non-existing memory at 0000003e (DecompileCallback)
WARN  Decompiling 14000d4a0, pcode error at 0000003d: Could not follow disassembly flow into non-existing memory at 0000003d (DecompileCallback)
WARN  Decompiling 14000d4a0, pcode error at 0000003c: Could not follow disassembly flow into non-existing memory at 0000003c (DecompileCallback)
WARN  Decompiling 14000d4a0, pcode error at 0000003b: Could not follow disassembly flow into non-existing memory at 0000003b (DecompileCallback)
WARN  Decompiling 14000d4a0, pcode error at 0000003a: Could not follow disassembly flow into non-existing memory at 0000003a (DecompileCallback)
WARN  Decompiling 14000d4a0, pcode error at 00000039: Could not follow disassembly flow into non-existing memory at 00000039 (DecompileCallback)
WARN  Decompiling 14000d4a0, pcode error at 00000038: Could not follow disassembly flow into non-existing memory at 00000038 (DecompileCallback)
WARN  Decompiling 14000d4a0, pcode error at 00000037: Could not follow disassembly flow into non-existing memory at 00000037 (DecompileCallback)
WARN  Decompiling 14000d4a0, pcode error at 00000036: Could not follow disassembly flow into non-existing memory at 00000036 (DecompileCallback)
WARN  Decompiling 14000d4a0, pcode error at 00000035: Could not follow disassembly flow into non-existing memory at 00000035 (DecompileCallback)
WARN  Decompiling 14000d4a0, pcode error at 00000034: Could not follow disassembly flow into non-existing memory at 00000034 (DecompileCallback)
WARN  Decompiling 14000d4a0, pcode error at 00000033: Could not follow disassembly flow into non-existing memory at 00000033 (DecompileCallback)
WARN  Decompiling 14000d4a0, pcode error at 00000032: Could not follow disassembly flow into non-existing memory at 00000032 (DecompileCallback)
WARN  Decompiling 14000d4a0, pcode error at 00000031: Could not follow disassembly flow into non-existing memory at 00000031 (DecompileCallback)
WARN  Decompiling 14000d4a0, pcode error at 00000030: Could not follow disassembly flow into non-existing memory at 00000030 (DecompileCallback)
WARN  Decompiling 14000d4a0, pcode error at 0000002f: Could not follow disassembly flow into non-existing memory at 0000002f (DecompileCallback)
WARN  Decompiling 14000d4a0, pcode error at 0000002e: Could not follow disassembly flow into non-existing memory at 0000002e (DecompileCallback)
WARN  Decompiling 14000d4a0, pcode error at 0000002d: Could not follow disassembly flow into non-existing memory at 0000002d (DecompileCallback)
WARN  Decompiling 14000d4a0, pcode error at 0000002c: Could not follow disassembly flow into non-existing memory at 0000002c (DecompileCallback)
WARN  Decompiling 14000d4a0, pcode error at 0000002b: Could not follow disassembly flow into non-existing memory at 0000002b (DecompileCallback)
WARN  Decompiling 14000d4a0, pcode error at 0000002a: Could not follow disassembly flow into non-existing memory at 0000002a (DecompileCallback)
WARN  Decompiling 14000d4a0, pcode error at 00000029: Could not follow disassembly flow into non-existing memory at 00000029 (DecompileCallback)
WARN  Decompiling 14000d4a0, pcode error at 00000028: Could not follow disassembly flow into non-existing memory at 00000028 (DecompileCallback)
WARN  Decompiling 14000d4a0, pcode error at 00000027: Could not follow disassembly flow into non-existing memory at 00000027 (DecompileCallback)
WARN  Decompiling 14000d4a0, pcode error at 00000026: Could not follow disassembly flow into non-existing memory at 00000026 (DecompileCallback)
WARN  Decompiling 14000d4a0, pcode error at 00000025: Could not follow disassembly flow into non-existing memory at 00000025 (DecompileCallback)
WARN  Decompiling 14000d4a0, pcode error at 00000024: Could not follow disassembly flow into non-existing memory at 00000024 (DecompileCallback)
WARN  Decompiling 14000d4a0, pcode error at 00000023: Could not follow disassembly flow into non-existing memory at 00000023 (DecompileCallback)
WARN  Decompiling 14000d4a0, pcode error at 00000022: Could not follow disassembly flow into non-existing memory at 00000022 (DecompileCallback)
WARN  Decompiling 14000d4a0, pcode error at 00000021: Could not follow disassembly flow into non-existing memory at 00000021 (DecompileCallback)
WARN  Decompiling 14000d4a0, pcode error at 00000020: Could not follow disassembly flow into non-existing memory at 00000020 (DecompileCallback)
WARN  Decompiling 14000d4a0, pcode error at 0000001f: Could not follow disassembly flow into non-existing memory at 0000001f (DecompileCallback)
WARN  Decompiling 14000d4a0, pcode error at 0000001e: Could not follow disassembly flow into non-existing memory at 0000001e (DecompileCallback)
WARN  Decompiling 14000d4a0, pcode error at 0000001d: Could not follow disassembly flow into non-existing memory at 0000001d (DecompileCallback)
WARN  Decompiling 14000d4a0, pcode error at 0000001c: Could not follow disassembly flow into non-existing memory at 0000001c (DecompileCallback)
WARN  Decompiling 14000d4a0, pcode error at 0000001b: Could not follow disassembly flow into non-existing memory at 0000001b (DecompileCallback)
WARN  Decompiling 14000d4a0, pcode error at 0000001a: Could not follow disassembly flow into non-existing memory at 0000001a (DecompileCallback)
WARN  Decompiling 14000d4a0, pcode error at 00000019: Could not follow disassembly flow into non-existing memory at 00000019 (DecompileCallback)
WARN  Decompiling 14000d4a0, pcode error at 00000018: Could not follow disassembly flow into non-existing memory at 00000018 (DecompileCallback)
WARN  Decompiling 14000d4a0, pcode error at 00000017: Could not follow disassembly flow into non-existing memory at 00000017 (DecompileCallback)
WARN  Decompiling 14000d4a0, pcode error at 00000016: Could not follow disassembly flow into non-existing memory at 00000016 (DecompileCallback)
WARN  Decompiling 14000d4a0, pcode error at 00000015: Could not follow disassembly flow into non-existing memory at 00000015 (DecompileCallback)
WARN  Decompiling 14000d4a0, pcode error at 00000014: Could not follow disassembly flow into non-existing memory at 00000014 (DecompileCallback)
WARN  Decompiling 14000d4a0, pcode error at 00000013: Could not follow disassembly flow into non-existing memory at 00000013 (DecompileCallback)
WARN  Decompiling 14000d4a0, pcode error at 00000012: Could not follow disassembly flow into non-existing memory at 00000012 (DecompileCallback)
WARN  Decompiling 14000d4a0, pcode error at 00000011: Could not follow disassembly flow into non-existing memory at 00000011 (DecompileCallback)
WARN  Decompiling 14000d4a0, pcode error at 00000010: Could not follow disassembly flow into non-existing memory at 00000010 (DecompileCallback)
WARN  Decompiling 14000d4a0, pcode error at 0000000f: Could not follow disassembly flow into non-existing memory at 0000000f (DecompileCallback)
WARN  Decompiling 14000d4a0, pcode error at 0000000e: Could not follow disassembly flow into non-existing memory at 0000000e (DecompileCallback)
WARN  Decompiling 14000d4a0, pcode error at 0000000d: Could not follow disassembly flow into non-existing memory at 0000000d (DecompileCallback)
WARN  Decompiling 14000d4a0, pcode error at 0000000c: Could not follow disassembly flow into non-existing memory at 0000000c (DecompileCallback)
WARN  Decompiling 14000d4a0, pcode error at 0000000b: Could not follow disassembly flow into non-existing memory at 0000000b (DecompileCallback)
WARN  Decompiling 14000d4a0, pcode error at 0000000a: Could not follow disassembly flow into non-existing memory at 0000000a (DecompileCallback)
WARN  Decompiling 14000d4a0, pcode error at 00000009: Could not follow disassembly flow into non-existing memory at 00000009 (DecompileCallback)
WARN  Decompiling 14000d4a0, pcode error at 00000008: Could not follow disassembly flow into non-existing memory at 00000008 (DecompileCallback)
WARN  Decompiling 14000d4a0, pcode error at 00000007: Could not follow disassembly flow into non-existing memory at 00000007 (DecompileCallback)
WARN  Decompiling 14000d4a0, pcode error at 00000006: Could not follow disassembly flow into non-existing memory at 00000006 (DecompileCallback)
WARN  Decompiling 14000d4a0, pcode error at 00000005: Could not follow disassembly flow into non-existing memory at 00000005 (DecompileCallback)
WARN  Decompiling 14000d4a0, pcode error at 00000004: Could not follow disassembly flow into non-existing memory at 00000004 (DecompileCallback)
WARN  Decompiling 14000d4a0, pcode error at 00000003: Could not follow disassembly flow into non-existing memory at 00000003 (DecompileCallback)
WARN  Decompiling 14000d4a0, pcode error at 00000002: Could not follow disassembly flow into non-existing memory at 00000002 (DecompileCallback)
WARN  Decompiling 14000d4a0, pcode error at 00000001: Could not follow disassembly flow into non-existing memory at 00000001 (DecompileCallback)
WARN  Decompiling 14000a03c: Unable to read bytes at ram:e8606e5c (DecompileCallback)
WARN  Decompiling 14000a03c: Unable to read bytes at ram:e8606da0 (DecompileCallback)
WARN  Decompiling 14000d4a0, pcode error at 140016d5d: Failed to resolve varnode <Sreg>, index=7 (DecompileCallback)
WARN  Decompiling 14000d4a0, pcode error at 140016ca2: Unable to resolve constructor at 140016ca2 (DecompileCallback)
WARN  Decompiling 14000a03c, pcode error at 140016d5d: Failed to resolve varnode <Sreg>, index=7 (DecompileCallback)
WARN  Decompiling 14000d4a0, pcode error at 140010d79: Unable to resolve constructor at 140010d79 (DecompileCallback)
WARN  Decompiling 14000d4a0, pcode error at 140010d54: Unable to resolve constructor at 140010d54 (DecompileCallback)
WARN  Decompiling 14000d4a0, pcode error at 14000f956: Unable to resolve constructor at 14000f956 (DecompileCallback)
WARN  Decompiling 14000d4a0, pcode error at 14000ed09: Unable to resolve constructor at 14000ed09 (DecompileCallback)
WARN  Decompiling 14000d4a0, pcode error at 14000e6e0: Unable to resolve constructor at 14000e6e0 (DecompileCallback)
WARN  Decompiling 14000d4a0, pcode error at 14000e716: Unable to resolve constructor at 14000e716 (DecompileCallback)
WARN  Decompiling 14000d4a0, pcode error at 14000e69f: Unable to resolve constructor at 14000e69f (DecompileCallback)
WARN  Decompiling 14000d4a0, pcode error at 14000e6ea: Unable to resolve constructor at 14000e6ea (DecompileCallback)
WARN  Decompiling 14000d4a0, pcode error at 14000dcc2: Unable to resolve constructor at 14000dcc2 (DecompileCallback)
WARN  Decompiling 14000d4a0, pcode error at 14000dcc8: Unable to resolve constructor at 14000dcc8 (DecompileCallback)
WARN  Decompiling 14000d4a0, pcode error at 140010d00: Unable to resolve constructor at 140010d00 (DecompileCallback)
WARN  Decompiling 14000d4a0, pcode error at 140012a5e: Unable to resolve constructor at 140012a5e (DecompileCallback)
WARN  Decompiling 14000a03c, pcode error at 140016ca2: Unable to resolve constructor at 140016ca2 (DecompileCallback)
WARN  Decompiling 14000d4a0, pcode error at 140010109: Unable to resolve constructor at 140010109 (DecompileCallback)
WARN  Decompiling 14000d4a0, pcode error at 140010004: Unable to resolve constructor at 140010004 (DecompileCallback)
WARN  Decompiling 14000a03c, pcode error at 140010d79: Unable to resolve constructor at 140010d79 (DecompileCallback)
WARN  Decompiling 14000a03c, pcode error at 140010d54: Unable to resolve constructor at 140010d54 (DecompileCallback)
WARN  Decompiling 14000d4a0, pcode error at 14000f62d: Unable to resolve constructor at 14000f62d (DecompileCallback)
WARN  Decompiling 14000d4a0, pcode error at 14000e6ff: Unable to resolve constructor at 14000e6ff (DecompileCallback)
WARN  Decompiling 14000d4a0, pcode error at 14000e6d6: Unable to resolve constructor at 14000e6d6 (DecompileCallback)
WARN  Decompiling 14000a03c, pcode error at 14000f956: Unable to resolve constructor at 14000f956 (DecompileCallback)
WARN  Decompiling 14000d4a0, pcode error at 14000dc86: Unable to resolve constructor at 14000dc86 (DecompileCallback)
WARN  Decompiling 14000d4a0, pcode error at 14000d9c5: Unable to resolve constructor at 14000d9c5 (DecompileCallback)
WARN  Decompiling 14000a03c, pcode error at 14000ed09: Unable to resolve constructor at 14000ed09 (DecompileCallback)
WARN  Decompiling 14000a03c, pcode error at 14000e6e0: Unable to resolve constructor at 14000e6e0 (DecompileCallback)
WARN  Decompiling 14000a03c, pcode error at 14000e716: Unable to resolve constructor at 14000e716 (DecompileCallback)
WARN  Decompiling 14000a03c, pcode error at 14000e69f: Unable to resolve constructor at 14000e69f (DecompileCallback)
WARN  Decompiling 14000a03c, pcode error at 14000e6ea: Unable to resolve constructor at 14000e6ea (DecompileCallback)
WARN  Decompiling 14000a03c, pcode error at 14000dc58: Unable to resolve constructor at 14000dc58 (DecompileCallback)
WARN  Decompiling 14000a03c, pcode error at 14000dcc2: Unable to resolve constructor at 14000dcc2 (DecompileCallback)
WARN  Decompiling 14000a03c, pcode error at 14000dcc8: Unable to resolve constructor at 14000dcc8 (DecompileCallback)
WARN  Decompiling 14000e4b0: Unable to read bytes at ram:e400e72d (DecompileCallback)
WARN  Decompiling 14000e850: Unable to read bytes at ram:e8606e20 (DecompileCallback)
WARN  Decompiling 14000e850, pcode error at 140016d22: Unable to resolve constructor at 140016d22 (DecompileCallback)
WARN  Decompiling 14000e850, pcode error at 140012b61: Unable to resolve constructor at 140012b61 (DecompileCallback)
WARN  Decompiling 14000e850, pcode error at 140012b84: Unable to resolve constructor at 140012b84 (DecompileCallback)
WARN  Decompiling 14000e850, pcode error at 140010109: Unable to resolve constructor at 140010109 (DecompileCallback)
WARN  Decompiling 14000e850, pcode error at 14000edb1: Unable to resolve constructor at 14000edb1 (DecompileCallback)
WARN  Decompiling 14000e4b0: Unable to read bytes at ram:e8606dd4 (DecompileCallback)
WARN  Decompiling 14000e4b0, pcode error at 140016cd6: Unable to resolve constructor at 140016cd6 (DecompileCallback)
WARN  Decompiling 14000e4b0, pcode error at 140010dbb: Unable to resolve constructor at 140010dbb (DecompileCallback)
WARN  Decompiling 14000d4a0: Unable to read bytes at ram:e8606e20 (DecompileCallback)
WARN  Decompiling 14000f8e8: Unable to read bytes at ram:e8606e5c (DecompileCallback)
WARN  Decompiling 14000f8e8, pcode error at 140016d5d: Failed to resolve varnode <Sreg>, index=7 (DecompileCallback)
WARN  Decompiling 14000e4b0, pcode error at 14000f992: Unable to resolve constructor at 14000f992 (DecompileCallback)
WARN  Decompiling 14000e4b0, pcode error at 14000f927: Unable to resolve constructor at 14000f927 (DecompileCallback)
WARN  Decompiling 14000e4b0, pcode error at 14000ed67: Unable to resolve constructor at 14000ed67 (DecompileCallback)
WARN  Decompiling 14000d4a0, pcode error at 140016d22: Unable to resolve constructor at 140016d22 (DecompileCallback)
WARN  Decompiling 14000d4a0, pcode error at 140012b61: Unable to resolve constructor at 140012b61 (DecompileCallback)
WARN  Decompiling 14000d4a0, pcode error at 140012b84: Unable to resolve constructor at 140012b84 (DecompileCallback)
WARN  Decompiling 14000e4b0, pcode error at 14000ea25: Unable to resolve constructor at 14000ea25 (DecompileCallback)
WARN  Decompiling 14000e4b0, pcode error at 14000e9cf: Unable to resolve constructor at 14000e9cf (DecompileCallback)
WARN  Decompiling 14000e4b0, pcode error at 14000ea68: Unable to resolve constructor at 14000ea68 (DecompileCallback)
WARN  Decompiling 14000e4b0, pcode error at 14000e9fe: Unable to resolve constructor at 14000e9fe (DecompileCallback)
WARN  Decompiling 14000e4b0, pcode error at 14000e766: Unable to resolve constructor at 14000e766 (DecompileCallback)
WARN  Decompiling 14000e4b0, pcode error at 14000e756: Unable to resolve constructor at 14000e756 (DecompileCallback)
WARN  Decompiling 14000d4a0, pcode error at 14000edb1: Unable to resolve constructor at 14000edb1 (DecompileCallback)
WARN  Decompiling 14000e4b0, pcode error at 14000e762: Unable to resolve constructor at 14000e762 (DecompileCallback)
WARN  Decompiling 14000f8e8: Unable to read bytes at ram:640055420 (DecompileCallback)
WARN  Decompiling 14000e4b0: Unable to read bytes at ram:e8606e08 (DecompileCallback)
WARN  Decompiling 14000e4b0: Unable to read bytes at ram:e8606df0 (DecompileCallback)
WARN  Decompiling 14000e4b0, pcode error at 140016d12: Unable to resolve constructor at 140016d12 (DecompileCallback)
WARN  Decompiling 14000e4b0, pcode error at 140016d0a: Unable to resolve constructor at 140016d0a (DecompileCallback)
WARN  Decompiling 14000e4b0, pcode error at 140012b44: Unable to resolve constructor at 140012b44 (DecompileCallback)
WARN  Decompiling 14000e4b0, pcode error at 14000f9bd: Unable to resolve constructor at 14000f9bd (DecompileCallback)
WARN  Decompiling 14000e4b0, pcode error at 14000f6a9: Unable to resolve constructor at 14000f6a9 (DecompileCallback)
WARN  Decompiling 14000e4b0, pcode error at 14000ed5c: Unable to resolve constructor at 14000ed5c (DecompileCallback)
WARN  Decompiling 14000e4b0, pcode error at 14000ea5c: Unable to resolve constructor at 14000ea5c (DecompileCallback)
WARN  Decompiling 14000e4b0, pcode error at 14000ea3d: Unable to resolve constructor at 14000ea3d (DecompileCallback)
WARN  Decompiling 14000e4b0, pcode error at 140016d02: Unable to resolve constructor at 140016d02 (DecompileCallback)
WARN  Decompiling 14000e4b0, pcode error at 140016cf6: Unable to resolve constructor at 140016cf6 (DecompileCallback)
WARN  Decompiling 14000e4b0, pcode error at 140010dee: Unable to resolve constructor at 140010dee (DecompileCallback)
WARN  Decompiling 14000e4b0, pcode error at 1400101a2: Unable to resolve constructor at 1400101a2 (DecompileCallback)
WARN  Decompiling 14000e4b0, pcode error at 14000ed3e: Unable to resolve constructor at 14000ed3e (DecompileCallback)
WARN  Decompiling 14000e4b0, pcode error at 14000ea45: Unable to resolve constructor at 14000ea45 (DecompileCallback)
WARN  Decompiling 14000e4b0: Unable to read bytes at ram:e400e72d (DecompileCallback)
WARN  Decompiling 14000a03c: Unable to read bytes at ram:e8606e20 (DecompileCallback)
WARN  Decompiling 14000a03c, pcode error at 140016d22: Unable to resolve constructor at 140016d22 (DecompileCallback)
WARN  Decompiling 14000a03c, pcode error at 140012b61: Unable to resolve constructor at 140012b61 (DecompileCallback)
WARN  Decompiling 14000a03c, pcode error at 140012b84: Unable to resolve constructor at 140012b84 (DecompileCallback)
WARN  Decompiling 14000a03c, pcode error at 140010109: Unable to resolve constructor at 140010109 (DecompileCallback)
WARN  Decompiling 14000a03c, pcode error at 14000edb1: Unable to resolve constructor at 14000edb1 (DecompileCallback)
WARN  Decompiling 14000e4b0: Unable to read bytes at ram:e8606e20 (DecompileCallback)
WARN  Decompiling 14000e4b0, pcode error at 140016d22: Unable to resolve constructor at 140016d22 (DecompileCallback)
WARN  Decompiling 14000e4b0, pcode error at 140012b61: Unable to resolve constructor at 140012b61 (DecompileCallback)
WARN  Decompiling 14000e4b0, pcode error at 140012b84: Unable to resolve constructor at 140012b84 (DecompileCallback)
WARN  Decompiling 14000e4b0, pcode error at 140010109: Unable to resolve constructor at 140010109 (DecompileCallback)
WARN  Decompiling 14000e4b0, pcode error at 14000edb1: Unable to resolve constructor at 14000edb1 (DecompileCallback)
INFO  DisrobeMetrics.java> DisrobeMetrics wrote ${RUN_DIRECTORY}\metrics\upx_hello_unpacked.json (GhidraScript)
INFO  ANALYZING changes made by post scripts: file:///${RUN_DIRECTORY}/export/upx_hello-e696e55509c3456d901ac96283e89661/hello.packed.nrv2b.unpacked.exe (HeadlessAnalyzer)
INFO  REPORT: Post-analysis succeeded for file: file:///${RUN_DIRECTORY}/export/upx_hello-e696e55509c3456d901ac96283e89661/hello.packed.nrv2b.unpacked.exe (HeadlessAnalyzer)
INFO  /hello.packed.nrv2b.unpacked.exe: file created (-) (LocalFileSystem)
INFO  REPORT: Save succeeded for: /hello.packed.nrv2b.unpacked.exe (upx_hello_unpacked:/hello.packed.nrv2b.unpacked.exe) (HeadlessAnalyzer)
INFO  REPORT: Import succeeded (HeadlessAnalyzer)
WARNING: A terminally deprecated method in sun.misc.Unsafe has been called
WARNING: sun.misc.Unsafe::staticFieldOffset has been called by org.apache.felix.framework.util.SecureAction (file:/${GHIDRA_HOME}/Ghidra/Features/Base/lib/org.apache.felix.framework-7.0.5.jar)
WARNING: Please consider reporting this to the maintainers of class org.apache.felix.framework.util.SecureAction
WARNING: sun.misc.Unsafe::staticFieldOffset will be removed in a future release
